2015/5/1 00:00,43.7884
2015/5/1 00:01,44.606
2015/5/1 00:02,44.6012
2015/5/1 00:03,42.2526
2015/5/1 00:04,43.4974
2015/5/1 00:05,41.8884
2015/5/1 00:06,40.8798
2015/5/1 00:07,41.7473
2015/5/1 00:08,41.0903
2015/5/1 00:09,39.5063
2015/5/1 00:10,35.9746
2015/5/1 00:11,37.1766
2015/5/1 00:12,37.9364
2015/5/1 00:13,36.2356
2015/5/1 00:14,33.7297
2015/5/1 00:15,35.4783
2015/5/1 00:16,36.5678
2015/5/1 00:17,42.2959
2015/5/1 00:18,41.761
2015/5/1 00:19,40.0876
2015/5/1 00:20,37.9544
2015/5/1 00:21,36.5559
2015/5/1 00:22,38.0736
2015/5/1 00:23,40.6108
2015/5/1 00:24,43.5733
2015/5/1 00:25,41.7587
2015/5/1 00:26,40.9878
2015/5/1 00:27,43.3669
2015/5/1 00:28,43.0753
2015/5/1 00:29,45.3162
2015/5/1 00:30,45.6872
2015/5/1 00:31,42.5034
2015/5/1 00:32,41.0931
2015/5/1 00:33,40.0599
2015/5/1 00:34,40.9504
2015/5/1 00:35,42.8821
2015/5/1 00:36,44.8929
2015/5/1 00:37,43.5516
2015/5/1 00:38,38.3142
2015/5/1 00:39,39.6671
2015/5/1 00:40,41.029
2015/5/1 00:41,39.8722
2015/5/1 00:42,40.8346
2015/5/1 00:43,40.8213
2015/5/1 00:44,40.9072
2015/5/1 00:45,42.1993
2015/5/1 00:46,43.9009
2015/5/1 00:47,42.9215
2015/5/1 00:48,43.2596
2015/5/1 00:49,42.628
2015/5/1 00:50,41.8456
2015/5/1 00:51,44.1279
2015/5/1 00:52,43.2661
2015/5/1 00:53,44.4491
2015/5/1 00:54,45.6532
2015/5/1 00:55,48.067
2015/5/1 00:56,46.665
2015/5/1 00:57,46.3528
2015/5/1 00:58,47.979
2015/5/1 00:59,47.3763
2015/5/1 01:00,48.6293
2015/5/1 01:01,49.0348
2015/5/1 01:02,49.7274
2015/5/1 01:03,48.2603
2015/5/1 01:04,49.1676
2015/5/1 01:05,47.6394
2015/5/1 01:06,45.6533
2015/5/1 01:07,44.5794
2015/5/1 01:08,42.1379
2015/5/1 01:09,46.763
2015/5/1 01:10,48.7348
2015/5/1 01:11,49.2471
2015/5/1 01:12,50.9109
2015/5/1 01:13,48.8769
2015/5/1 01:14,52.1405
2015/5/1 01:15,50.1466
2015/5/1 01:16,48.1991
2015/5/1 01:17,48.6891
2015/5/1 01:18,44.1774
2015/5/1 01:19,43.8661
2015/5/1 01:20,44.2202
2015/5/1 01:21,42.7964
2015/5/1 01:22,43.0779
2015/5/1 01:23,41.2473
2015/5/1 01:24,43.5378
2015/5/1 01:25,41.1289
2015/5/1 01:26,39.8928
2015/5/1 01:27,44.3031
2015/5/1 01:28,51.221
2015/5/1 01:29,47.3188
2015/5/1 01:30,43.8977
2015/5/1 01:31,42.4094
2015/5/1 01:32,41.8683
2015/5/1 01:33,42.7332
2015/5/1 01:34,40.7552
2015/5/1 01:35,40.9253
2015/5/1 01:36,41.1039
2015/5/1 01:37,38.0967
2015/5/1 01:38,37.4669
2015/5/1 01:39,37.806
2015/5/1 01:40,37.833
2015/5/1 01:41,36.3227
2015/5/1 01:42,33.7499
2015/5/1 01:43,33.4646
2015/5/1 01:44,36.2397
2015/5/1 01:45,36.7632
2015/5/1 01:46,32.916
2015/5/1 01:47,36.4106
2015/5/1 01:48,38.9772
2015/5/1 01:49,44.8091
2015/5/1 01:50,45.55
2015/5/1 01:51,44.2628
2015/5/1 01:52,42.8827
2015/5/1 01:53,42.8933
2015/5/1 01:54,37.6929
2015/5/1 01:55,41.2405
2015/5/1 01:56,42.8959
2015/5/1 01:57,42.1172
2015/5/1 01:58,40.7188
2015/5/1 01:59,43.6374
2015/5/1 02:00,41.8092
2015/5/1 02:01,42.2512
2015/5/1 02:02,41.2751
2015/5/1 02:03,42.7262
2015/5/1 02:04,46.1521
2015/5/1 02:05,46.6763
2015/5/1 02:06,39.6385
2015/5/1 02:07,40.8233
2015/5/1 02:08,42.1286
2015/5/1 02:09,43.8073
2015/5/1 02:10,42.4144
2015/5/1 02:11,38.9259
2015/5/1 02:12,40.9946
2015/5/1 02:13,41.5921
2015/5/1 02:14,38.1068
2015/5/1 02:15,41.5181
2015/5/1 02:16,40.4806
2015/5/1 02:17,43.992
2015/5/1 02:18,43.8894
2015/5/1 02:19,44.4791
2015/5/1 02:20,42.6214
2015/5/1 02:21,41.6825
2015/5/1 02:22,41.5282
2015/5/1 02:23,42.9635
2015/5/1 02:24,43.6091
2015/5/1 02:25,41.4063
2015/5/1 02:26,42.8141
2015/5/1 02:27,42.2757
2015/5/1 02:28,45.9272
2015/5/1 02:29,48.3447
2015/5/1 02:30,47.0964
2015/5/1 02:31,46.6962
2015/5/1 02:32,48.5846
2015/5/1 02:33,51.4808
2015/5/1 02:34,51.9174
2015/5/1 02:35,53.5078
2015/5/1 02:36,51.2342
2015/5/1 02:37,51.0527
2015/5/1 02:38,50.2859
2015/5/1 02:39,48.7715
2015/5/1 02:40,47.7702
2015/5/1 02:41,46.3617
2015/5/1 02:42,48.9877
2015/5/1 02:43,48.9044
2015/5/1 02:44,48.9044
2015/5/1 02:45,49.4917
2015/5/1 02:46,44.7734
2015/5/1 02:47,44.5887
2015/5/1 02:48,47.8388
2015/5/1 02:49,46.0085
2015/5/1 02:50,47.5267
2015/5/1 02:51,47.0682
2015/5/1 02:52,49.4048
2015/5/1 02:53,48.3609
2015/5/1 02:54,49.4617
2015/5/1 02:55,53.0041
2015/5/1 02:56,51.0111
2015/5/1 02:57,47.9755
2015/5/1 02:58,49.9191
2015/5/1 02:59,49.6938
2015/5/1 03:00,48.1882
2015/5/1 03:01,46.0755
2015/5/1 03:02,46.3198
2015/5/1 03:03,50.0372
2015/5/1 03:04,47.9655
2015/5/1 03:05,46.1458
2015/5/1 03:06,41.2752
2015/5/1 03:07,48.9161
2015/5/1 03:08,47.5902
2015/5/1 03:09,47.4397
2015/5/1 03:10,44.8888
2015/5/1 03:11,42.91
2015/5/1 03:12,42.6989
2015/5/1 03:13,47.5666
2015/5/1 03:14,44.0875
2015/5/1 03:15,44.9792
2015/5/1 03:16,44.6798
2015/5/1 03:17,45.4173
2015/5/1 03:18,51.6292
2015/5/1 03:19,50.3178
2015/5/1 03:20,47.004
2015/5/1 03:21,48.1202
2015/5/1 03:22,43.4592
2015/5/1 03:23,45.5146
2015/5/1 03:24,47.692
2015/5/1 03:25,47.6434
2015/5/1 03:26,46.7176
2015/5/1 03:27,46.0173
2015/5/1 03:28,42.2943
2015/5/1 03:29,47.0237
2015/5/1 03:30,45.6422
2015/5/1 03:31,46.7181
2015/5/1 03:32,47.9334
2015/5/1 03:33,47.6964
2015/5/1 03:34,49.0564
2015/5/1 03:35,47.6182
2015/5/1 03:36,49.0461
2015/5/1 03:37,47.2685
2015/5/1 03:38,46.0263
2015/5/1 03:39,44.2951
2015/5/1 03:40,46.2805
2015/5/1 03:41,45.3674
2015/5/1 03:42,43.6838
2015/5/1 03:43,46.2501
2015/5/1 03:44,48.865
2015/5/1 03:45,46.8198
2015/5/1 03:46,45.6457
2015/5/1 03:47,50.764
2015/5/1 03:48,46.6805
2015/5/1 03:49,49.4895
2015/5/1 03:50,49.0479
2015/5/1 03:51,44.1106
2015/5/1 03:52,45.9803
2015/5/1 03:53,48.6102
2015/5/1 03:54,45.2872
2015/5/1 03:55,49.0609
2015/5/1 03:56,54.2732
2015/5/1 03:57,53.1134
2015/5/1 03:58,56.3624
2015/5/1 03:59,55.0326
2015/5/1 04:00,57.1985
2015/5/1 04:01,52.6681
2015/5/1 04:02,52.4737
2015/5/1 04:03,52.7086
2015/5/1 04:04,52.7833
2015/5/1 04:05,52.1786
2015/5/1 04:06,50.8658
2015/5/1 04:07,53.6645
2015/5/1 04:08,51.4265
2015/5/1 04:09,43.6992
2015/5/1 04:10,47.2971
2015/5/1 04:11,50.3508
2015/5/1 04:12,48.3383
2015/5/1 04:13,49.9897
2015/5/1 04:14,47.8208
2015/5/1 04:15,48.6782
2015/5/1 04:16,51.1382
2015/5/1 04:17,48.3311
2015/5/1 04:18,46.4302
2015/5/1 04:19,45.9879
2015/5/1 04:20,42.9658
2015/5/1 04:21,44.4377
2015/5/1 04:22,47.2712
2015/5/1 04:23,47.2559
2015/5/1 04:24,46.2377
2015/5/1 04:25,42.6313
2015/5/1 04:26,42.6313
2015/5/1 04:27,43.6608
2015/5/1 04:28,44.6415
2015/5/1 04:29,42.9261
2015/5/1 04:30,43.9532
2015/5/1 04:31,44.8929
2015/5/1 04:32,46.4333
2015/5/1 04:33,47.2516
2015/5/1 04:34,47.4914
2015/5/1 04:35,47.8676
2015/5/1 04:36,46.5208
2015/5/1 04:37,44.7511
2015/5/1 04:38,45.2774
2015/5/1 04:39,45.9177
2015/5/1 04:40,41.663
2015/5/1 04:41,45.5176
2015/5/1 04:42,43.8657
2015/5/1 04:43,42.5698
2015/5/1 04:44,45.7734
2015/5/1 04:45,44.887
2015/5/1 04:46,43.9489
2015/5/1 04:47,45.3281
2015/5/1 04:48,47.4526
2015/5/1 04:49,48.4021
2015/5/1 04:50,47.9008
2015/5/1 04:51,46.9121
2015/5/1 04:52,45.0345
2015/5/1 04:53,43.2601
2015/5/1 04:54,41.5268
2015/5/1 04:55,42.474
2015/5/1 04:56,43.9159
2015/5/1 04:57,44.7993
2015/5/1 04:58,41.3391
2015/5/1 04:59,42.0803
2015/5/1 05:00,42.7017
2015/5/1 05:01,41.5414
2015/5/1 05:02,41.1152
2015/5/1 05:03,40.6957
2015/5/1 05:04,41.2937
2015/5/1 05:05,39.3229
2015/5/1 05:06,41.9449
2015/5/1 05:07,44.1553
2015/5/1 05:08,43.1387
2015/5/1 05:09,42.7766
2015/5/1 05:10,44.7287
2015/5/1 05:11,43.2627
2015/5/1 05:12,41.5397
2015/5/1 05:13,36.5812
2015/5/1 05:14,40.0954
2015/5/1 05:15,40.0456
2015/5/1 05:16,42.0594
2015/5/1 05:17,42.3713
2015/5/1 05:18,43.4658
2015/5/1 05:19,41.5899
2015/5/1 05:20,45.584
2015/5/1 05:21,47.2616
2015/5/1 05:22,45.9956
2015/5/1 05:23,44.9376
2015/5/1 05:24,44.7408
2015/5/1 05:25,49.7486
2015/5/1 05:26,51.0656
2015/5/1 05:27,49.2144
2015/5/1 05:28,46.1192
2015/5/1 05:29,46.4647
2015/5/1 05:30,43.9186
2015/5/1 05:31,43.3835
2015/5/1 05:32,40.7436
2015/5/1 05:33,40.7675
2015/5/1 05:34,43.0013
2015/5/1 05:35,41.453
2015/5/1 05:36,41.6724
2015/5/1 05:37,41.0063
2015/5/1 05:38,37.8869
2015/5/1 05:39,38.0362
2015/5/1 05:40,35.9379
2015/5/1 05:41,34.3083
2015/5/1 05:42,36.4061
2015/5/1 05:43,41.462
2015/5/1 05:44,39.6621
2015/5/1 05:45,41.011
2015/5/1 05:46,41.1098
2015/5/1 05:47,43.2376
2015/5/1 05:48,43.7109
2015/5/1 05:49,42.2737
2015/5/1 05:50,43.0688
2015/5/1 05:51,41.5167
2015/5/1 05:52,40.3344
2015/5/1 05:53,43.636
2015/5/1 05:54,44.5469
2015/5/1 05:55,46.2977
2015/5/1 05:56,42.5511
2015/5/1 05:57,36.6607
2015/5/1 05:58,39.7127
2015/5/1 05:59,39.2475
2015/5/1 06:00,41.8128
2015/5/1 06:01,40.4534
2015/5/1 06:02,35.297
2015/5/1 06:03,37.191
2015/5/1 06:04,37.4723
2015/5/1 06:05,38.1043
2015/5/1 06:06,37.5228
2015/5/1 06:07,38.3702
2015/5/1 06:08,37.6987
2015/5/1 06:09,41.354
2015/5/1 06:10,41.6003
2015/5/1 06:11,43.0384
2015/5/1 06:12,38.8069
2015/5/1 06:13,40.8405
2015/5/1 06:14,47.6431
2015/5/1 06:15,45.7597
2015/5/1 06:16,49.3306
2015/5/1 06:17,47.5206
2015/5/1 06:18,47.7161
2015/5/1 06:19,50.8524
2015/5/1 06:20,47.8772
2015/5/1 06:21,50.5144
2015/5/1 06:22,48.6084
2015/5/1 06:23,45.3178
2015/5/1 06:24,44.2006
2015/5/1 06:25,46.0952
2015/5/1 06:26,46.077
2015/5/1 06:27,47.4012
2015/5/1 06:28,48.0108
2015/5/1 06:29,45.2023
2015/5/1 06:30,45.4672
2015/5/1 06:31,45.2919
2015/5/1 06:32,44.7234
2015/5/1 06:33,46.9596
2015/5/1 06:34,49.5868
2015/5/1 06:35,49.0736
2015/5/1 06:36,48.5363
2015/5/1 06:37,48.6056
2015/5/1 06:38,49.8383
2015/5/1 06:39,45.8162
2015/5/1 06:40,45.5531
2015/5/1 06:41,47.337
2015/5/1 06:42,49.4987
2015/5/1 06:43,47.4534
2015/5/1 06:44,47.8906
2015/5/1 06:45,48.8025
2015/5/1 06:46,46.6818
2015/5/1 06:47,43.5072
2015/5/1 06:48,46.942
2015/5/1 06:49,46.9357
2015/5/1 06:50,47.1319
2015/5/1 06:51,43.1186
2015/5/1 06:52,46.33
2015/5/1 06:53,44.5645
2015/5/1 06:54,46.1532
2015/5/1 06:55,48.7019
2015/5/1 06:56,47.5487
2015/5/1 06:57,46.4697
2015/5/1 06:58,43.9185
2015/5/1 06:59,40.799
2015/5/1 07:00,45.7971
2015/5/1 07:01,48.808
2015/5/1 07:02,47.9548
2015/5/1 07:03,48.7375
2015/5/1 07:04,53.0159
2015/5/1 07:05,53.449
2015/5/1 07:06,54.3154
2015/5/1 07:07,51.2986
2015/5/1 07:08,54.0476
2015/5/1 07:09,52.9498
2015/5/1 07:10,52.0335
2015/5/1 07:11,52.2619
2015/5/1 07:12,52.2619
2015/5/1 07:13,50.5298
2015/5/1 07:14,50.7719
2015/5/1 07:15,45.1956
2015/5/1 07:16,44.719
2015/5/1 07:17,43.9123
2015/5/1 07:18,43.5652
2015/5/1 07:19,43.2615
2015/5/1 07:20,46.7752
2015/5/1 07:21,45.3358
2015/5/1 07:22,43.5525
2015/5/1 07:23,44.4297
2015/5/1 07:24,46.4353
2015/5/1 07:25,44.9006
2015/5/1 07:26,49.4312
2015/5/1 07:27,48.6193
2015/5/1 07:28,48.0711
2015/5/1 07:29,46.4714
2015/5/1 07:30,43.7695
2015/5/1 07:31,47.4058
2015/5/1 07:32,42.6266
2015/5/1 07:33,42.5761
2015/5/1 07:34,41.8751
2015/5/1 07:35,43.3469
2015/5/1 07:36,45.8808
2015/5/1 07:37,42.7718
2015/5/1 07:38,44.9388
2015/5/1 07:39,44.533
2015/5/1 07:40,41.9339
2015/5/1 07:41,43.0338
2015/5/1 07:42,43.7262
2015/5/1 07:43,41.1131
2015/5/1 07:44,43.9674
2015/5/1 07:45,43.0219
2015/5/1 07:46,44.5497
2015/5/1 07:47,47.1697
2015/5/1 07:48,46.6572
2015/5/1 07:49,46.6127
2015/5/1 07:50,48.59
2015/5/1 07:51,49.4542
2015/5/1 07:52,51.2359
2015/5/1 07:53,50.0041
2015/5/1 07:54,52.4688
2015/5/1 07:55,51.754
2015/5/1 07:56,52.1467
2015/5/1 07:57,52.4938
2015/5/1 07:58,52.0802
2015/5/1 07:59,51.8045
2015/5/1 08:00,55.5492
2015/5/1 08:01,49.5618
2015/5/1 08:02,47.8272
2015/5/1 08:03,49.1079
2015/5/1 08:04,39.259
2015/5/1 08:05,34.8188
2015/5/1 08:06,34.3394
2015/5/1 08:07,32.912
2015/5/1 08:08,34.2659
2015/5/1 08:09,36.0966
2015/5/1 08:10,36.3078
2015/5/1 08:11,34.9626
2015/5/1 08:12,40.5924
2015/5/1 08:13,39.4783
2015/5/1 08:14,35.8383
2015/5/1 08:15,34.8918
2015/5/1 08:16,34.6718
2015/5/1 08:17,32.9675
2015/5/1 08:18,33.4166
2015/5/1 08:19,33.3593
2015/5/1 08:20,34.288
2015/5/1 08:21,34.3918
2015/5/1 08:22,35.3642
2015/5/1 08:23,35.4994
2015/5/1 08:24,36.5829
2015/5/1 08:25,36.3576
2015/5/1 08:26,35.4828
2015/5/1 08:27,35.4524
2015/5/1 08:28,36.419
2015/5/1 08:29,35.9899
2015/5/1 08:30,36.3668
2015/5/1 08:31,42.0637
2015/5/1 08:32,42.486
2015/5/1 08:33,42.2822
2015/5/1 08:34,44.3805
2015/5/1 08:35,40.2039
2015/5/1 08:36,42.9119
2015/5/1 08:37,43.4248
2015/5/1 08:38,40.8378
2015/5/1 08:39,38.4412
2015/5/1 08:40,39.8294
2015/5/1 08:41,37.6391
2015/5/1 08:42,38.8354
2015/5/1 08:43,36.3564
2015/5/1 08:44,36.3564
2015/5/1 08:45,36.7727
2015/5/1 08:46,37.4955
2015/5/1 08:47,37.4564
2015/5/1 08:48,39.658
2015/5/1 08:49,39.7202
2015/5/1 08:50,42.626
2015/5/1 08:51,41.502
2015/5/1 08:52,39.7722
2015/5/1 08:53,37.8199
2015/5/1 08:54,35.7448
2015/5/1 08:55,36.6378
2015/5/1 08:56,39.9064
2015/5/1 08:57,37.9776
2015/5/1 08:58,44.4908
2015/5/1 08:59,41.1837
2015/5/1 09:00,37.8184
2015/5/1 09:01,40.004
2015/5/1 09:02,36.0616
2015/5/1 09:03,37.2017
2015/5/1 09:04,35.385
2015/5/1 09:05,36.908
2015/5/1 09:06,34.7693
2015/5/1 09:07,35.6897
2015/5/1 09:08,34.4908
2015/5/1 09:09,32.376
2015/5/1 09:10,32.9001
2015/5/1 09:11,34.6072
2015/5/1 09:12,34.4166
2015/5/1 09:13,34.2233
2015/5/1 09:14,37.0659
2015/5/1 09:15,38.7063
2015/5/1 09:16,36.3667
2015/5/1 09:17,34.4154
2015/5/1 09:18,35.9363
2015/5/1 09:19,37.3671
2015/5/1 09:20,38.3827
2015/5/1 09:21,36.0588
2015/5/1 09:22,37.5874
2015/5/1 09:23,40.2597
2015/5/1 09:24,40.3404
2015/5/1 09:25,39.464
2015/5/1 09:26,39.7726
2015/5/1 09:27,35.2371
2015/5/1 09:28,38.1406
2015/5/1 09:29,42.257
2015/5/1 09:30,39.6242
2015/5/1 09:31,38.8271
2015/5/1 09:32,37.3288
2015/5/1 09:33,39.6136
2015/5/1 09:34,42.035
2015/5/1 09:35,43.6218
2015/5/1 09:36,42.1336
2015/5/1 09:37,44.577
2015/5/1 09:38,44.5104
2015/5/1 09:39,42.4214
2015/5/1 09:40,43.2809
2015/5/1 09:41,42.4907
2015/5/1 09:42,41.0221
2015/5/1 09:43,36.7978
2015/5/1 09:44,36.4733
2015/5/1 09:45,36.3599
2015/5/1 09:46,35.4103
2015/5/1 09:47,34.6799
2015/5/1 09:48,36.2993
2015/5/1 09:49,34.7304
2015/5/1 09:50,31.2117
2015/5/1 09:51,30.3988
2015/5/1 09:52,31.7987
2015/5/1 09:53,31.1326
2015/5/1 09:54,30.3555
2015/5/1 09:55,30.298
2015/5/1 09:56,34.2663
2015/5/1 09:57,38.5757
2015/5/1 09:58,40.1976
2015/5/1 09:59,36.355
2015/5/1 10:00,37.1338
2015/5/1 10:01,36.7617
2015/5/1 10:02,36.2209
2015/5/1 10:03,36.3708
2015/5/1 10:04,38.5014
2015/5/1 10:05,37.6729
2015/5/1 10:06,36.9263
2015/5/1 10:07,35.5448
2015/5/1 10:08,37.3921
2015/5/1 10:09,36.0069
2015/5/1 10:10,36.7976
2015/5/1 10:11,36.0332
2015/5/1 10:12,35.7106
2015/5/1 10:13,31.843
2015/5/1 10:14,31.1081
2015/5/1 10:15,33.5321
2015/5/1 10:16,32.7683
2015/5/1 10:17,32.2795
2015/5/1 10:18,33.2345
2015/5/1 10:19,32.9572
2015/5/1 10:20,31.6952
2015/5/1 10:21,29.8417
2015/5/1 10:22,31.464
2015/5/1 10:23,31.464
2015/5/1 10:24,41.1469
2015/5/1 10:25,43.8936
2015/5/1 10:26,42.3553
2015/5/1 10:27,43.05
2015/5/1 10:28,39.8359
2015/5/1 10:29,37.7962
2015/5/1 10:30,37.7949
2015/5/1 10:31,34.3429
2015/5/1 10:32,32.2174
2015/5/1 10:33,32.5576
2015/5/1 10:34,35.0359
2015/5/1 10:35,35.0519
2015/5/1 10:36,34.3602
2015/5/1 10:37,38.4198
2015/5/1 10:38,34.6077
2015/5/1 10:39,32.3576
2015/5/1 10:40,34.9641
2015/5/1 10:41,34.791
2015/5/1 10:42,33.8899
2015/5/1 10:43,36.5235
2015/5/1 10:44,39.3577
2015/5/1 10:45,38.7049
2015/5/1 10:46,38.5436
2015/5/1 10:47,37.6421
2015/5/1 10:48,37.8457
2015/5/1 10:49,41.3256
2015/5/1 10:50,36.6883
2015/5/1 10:51,36.133
2015/5/1 10:52,37.3443
2015/5/1 10:53,37.3443
2015/5/1 10:54,36.8324
2015/5/1 10:55,36.8963
2015/5/1 10:56,36.0269
2015/5/1 10:57,33.9333
2015/5/1 10:58,36.1046
2015/5/1 10:59,37.5717
2015/5/1 11:00,41.7405
2015/5/1 11:01,42.8352
2015/5/1 11:02,41.1843
2015/5/1 11:03,42.6469
2015/5/1 11:04,43.9299
2015/5/1 11:05,42.2311
2015/5/1 11:06,35.5125
2015/5/1 11:07,34.6877
2015/5/1 11:08,32.6287
2015/5/1 11:09,34.008
2015/5/1 11:10,35.0207
2015/5/1 11:11,38.374
2015/5/1 11:12,39.6111
2015/5/1 11:13,32.7014
2015/5/1 11:14,34.1303
2015/5/1 11:15,36.7114
2015/5/1 11:16,34.9732
2015/5/1 11:17,37.1398
2015/5/1 11:18,36.6161
2015/5/1 11:19,33.1986
2015/5/1 11:20,32.0989
2015/5/1 11:21,35.7101
2015/5/1 11:22,35.2462
2015/5/1 11:23,33.3302
2015/5/1 11:24,35.8918
2015/5/1 11:25,35.5442
2015/5/1 11:26,35.0872
2015/5/1 11:27,32.7977
2015/5/1 11:28,34.2451
2015/5/1 11:29,34.0291
2015/5/1 11:30,31.9291
2015/5/1 11:31,33.1257
2015/5/1 11:32,34.823
2015/5/1 11:33,44.5193
2015/5/1 11:34,45.7999
2015/5/1 11:35,45.7999
2015/5/1 11:36,48.6874
2015/5/1 11:37,49.6303
2015/5/1 11:38,48.9596
2015/5/1 11:39,49.8216
2015/5/1 11:40,48.0067
2015/5/1 11:41,49.9426
2015/5/1 11:42,47.0866
2015/5/1 11:43,46.9948
2015/5/1 11:44,45.3477
2015/5/1 11:45,43.5623
2015/5/1 11:46,42.0333
2015/5/1 11:47,38.6458
2015/5/1 11:48,34.539
2015/5/1 11:49,32.9065
2015/5/1 11:50,32.5244
2015/5/1 11:51,32.4844
2015/5/1 11:52,31.2807
2015/5/1 11:53,32.415
2015/5/1 11:54,31.6298
2015/5/1 11:55,31.0361
2015/5/1 11:56,32.5689
2015/5/1 11:57,32.4336
2015/5/1 11:58,32.6815
2015/5/1 11:59,32.5408
2015/5/1 12:00,30.6331
2015/5/1 12:01,27.107
2015/5/1 12:02,25.3062
2015/5/1 12:03,27.3866
2015/5/1 12:04,26.2482
2015/5/1 12:05,26.8599
2015/5/1 12:06,27.2934
2015/5/1 12:07,28.1211
2015/5/1 12:08,29.4648
2015/5/1 12:09,30.1272
2015/5/1 12:10,28.1405
2015/5/1 12:11,28.6346
2015/5/1 12:12,28.247
2015/5/1 12:13,34.3349
2015/5/1 12:14,32.3263
2015/5/1 12:15,33.7226
2015/5/1 12:16,34.3541
2015/5/1 12:17,31.4339
2015/5/1 12:18,29.5338
2015/5/1 12:19,25.9469
2015/5/1 12:20,27.0083
2015/5/1 12:21,28.3047
2015/5/1 12:22,29.9816
2015/5/1 12:23,28.9395
2015/5/1 12:24,29.1224
2015/5/1 12:25,26.5291
2015/5/1 12:26,30.6053
2015/5/1 12:27,31.866
2015/5/1 12:28,31.6802
2015/5/1 12:29,32.9191
2015/5/1 12:30,31.6076
2015/5/1 12:31,32.9129
2015/5/1 12:32,32.4037
2015/5/1 12:33,33.6974
2015/5/1 12:34,34.8255
2015/5/1 12:35,33.8601
2015/5/1 12:36,32.9097
2015/5/1 12:37,27.5882
2015/5/1 12:38,30.3595
2015/5/1 12:39,29.8156
2015/5/1 12:40,29.8156
2015/5/1 12:41,26.4286
2015/5/1 12:42,27.4199
2015/5/1 12:43,26.7631
2015/5/1 12:44,29.0421
2015/5/1 12:45,27.9778
2015/5/1 12:46,27.4784
2015/5/1 12:47,26.5152
2015/5/1 12:48,27.3487
2015/5/1 12:49,26.1003
2015/5/1 12:50,27.182
2015/5/1 12:51,29.486
2015/5/1 12:52,31.3297
2015/5/1 12:53,36.3065
2015/5/1 12:54,35.4295
2015/5/1 12:55,37.344
2015/5/1 12:56,37.1032
2015/5/1 12:57,38.5574
2015/5/1 12:58,37.8848
2015/5/1 12:59,40.4165
2015/5/1 13:00,39.9278
2015/5/1 13:01,38.707
2015/5/1 13:02,37.3907
2015/5/1 13:03,36.1801
2015/5/1 13:04,35.3367
2015/5/1 13:05,36.9623
2015/5/1 13:06,38.9449
2015/5/1 13:07,37.9079
2015/5/1 13:08,41.1099
2015/5/1 13:09,39.6687
2015/5/1 13:10,41.7486
2015/5/1 13:11,42.3084
2015/5/1 13:12,42.5098
2015/5/1 13:13,44.8065
2015/5/1 13:14,47.6286
2015/5/1 13:15,45.4136
2015/5/1 13:16,41.7898
2015/5/1 13:17,40.9615
2015/5/1 13:18,35.1349
2015/5/1 13:19,35.71
2015/5/1 13:20,36.8625
2015/5/1 13:21,34.2014
2015/5/1 13:22,32.1354
2015/5/1 13:23,31.6407
2015/5/1 13:24,33.4383
2015/5/1 13:25,31.2844
2015/5/1 13:26,27.9513
2015/5/1 13:27,29.3365
2015/5/1 13:28,30.862
2015/5/1 13:29,31.404
2015/5/1 13:30,30.4277
2015/5/1 13:31,33.2282
2015/5/1 13:32,33.6762
2015/5/1 13:33,35.381
2015/5/1 13:34,42.7281
2015/5/1 13:35,44.7648
2015/5/1 13:36,45.5127
2015/5/1 13:37,43.2283
2015/5/1 13:38,42.3677
2015/5/1 13:39,42.7392
2015/5/1 13:40,46.9131
2015/5/1 13:41,48.6785
2015/5/1 13:42,44.6405
2015/5/1 13:43,40.7579
2015/5/1 13:44,44.9774
2015/5/1 13:45,42.5366
2015/5/1 13:46,42.9637
2015/5/1 13:47,44.2973
2015/5/1 13:48,45.3612
2015/5/1 13:49,42.5936
2015/5/1 13:50,39.4747
2015/5/1 13:51,37.5898
2015/5/1 13:52,41.5258
2015/5/1 13:53,41.5258
2015/5/1 13:54,43.9022
2015/5/1 13:55,43.7551
2015/5/1 13:56,46.598
2015/5/1 13:57,44.5727
2015/5/1 13:58,44.8045
2015/5/1 13:59,48.3867
2015/5/1 14:00,41.8491
2015/5/1 14:01,40.3455
2015/5/1 14:02,42.39
2015/5/1 14:03,38.9505
2015/5/1 14:04,42.5741
2015/5/1 14:05,40.8156
2015/5/1 14:06,37.467
2015/5/1 14:07,36.0071
2015/5/1 14:08,38.6818
2015/5/1 14:09,36.0652
2015/5/1 14:10,37.1071
2015/5/1 14:11,31.6287
2015/5/1 14:12,34.1616
2015/5/1 14:13,34.1616
2015/5/1 14:14,40.1815
2015/5/1 14:15,41.5872
2015/5/1 14:16,42.1224
2015/5/1 14:17,43.5492
2015/5/1 14:18,43.5314
2015/5/1 14:19,43.5427
2015/5/1 14:20,43.7001
2015/5/1 14:21,44.2983
2015/5/1 14:22,44.6779
2015/5/1 14:23,44.8894
2015/5/1 14:24,45.5234
2015/5/1 14:25,49.0465
2015/5/1 14:26,44.47
2015/5/1 14:27,44.0389
2015/5/1 14:28,45.4176
2015/5/1 14:29,48.358
2015/5/1 14:30,45.2443
2015/5/1 14:31,44.0949
2015/5/1 14:32,44.5704
2015/5/1 14:33,42.4705
2015/5/1 14:34,41.0405
2015/5/1 14:35,38.1923
2015/5/1 14:36,39.1835
2015/5/1 14:37,35.6079
2015/5/1 14:38,33.6388
2015/5/1 14:39,33.7039
2015/5/1 14:40,32.4069
2015/5/1 14:41,33.3314
2015/5/1 14:42,33.1479
2015/5/1 14:43,33.5528
2015/5/1 14:44,33.1041
2015/5/1 14:45,36.6243
2015/5/1 14:46,37.5475
2015/5/1 14:47,36.7529
2015/5/1 14:48,37.9138
2015/5/1 14:49,38.9095
2015/5/1 14:50,40.2899
2015/5/1 14:51,39.4574
2015/5/1 14:52,41.3996
2015/5/1 14:53,35.9523
2015/5/1 14:54,35.6174
2015/5/1 14:55,38.3695
2015/5/1 14:56,38.0541
2015/5/1 14:57,37.4838
2015/5/1 14:58,38.1349
2015/5/1 14:59,35.5873
2015/5/1 15:00,37.0335
2015/5/1 15:01,38.7982
2015/5/1 15:02,37.435
2015/5/1 15:03,37.448
2015/5/1 15:04,36.9907
2015/5/1 15:05,35.5134
2015/5/1 15:06,38.5706
2015/5/1 15:07,38.4868
2015/5/1 15:08,36.9312
2015/5/1 15:09,35.7379
2015/5/1 15:10,39.1813
2015/5/1 15:11,41.4665
2015/5/1 15:12,41.73
2015/5/1 15:13,46.0388
2015/5/1 15:14,44.2716
2015/5/1 15:15,44.3796
2015/5/1 15:16,46.2158
2015/5/1 15:17,42.5739
2015/5/1 15:18,42.3889
2015/5/1 15:19,40.1403
2015/5/1 15:20,37.7991
2015/5/1 15:21,39.9785
2015/5/1 15:22,42.7368
2015/5/1 15:23,38.7161
2015/5/1 15:24,40.7239
2015/5/1 15:25,39.7723
2015/5/1 15:26,38.7259
2015/5/1 15:27,37.6799
2015/5/1 15:28,36.1844
2015/5/1 15:29,37.9814
2015/5/1 15:30,38.8548
2015/5/1 15:31,41.7305
2015/5/1 15:32,41.5812
2015/5/1 15:33,42.1556
2015/5/1 15:34,42.7299
2015/5/1 15:35,41.3331
2015/5/1 15:36,43.8464
2015/5/1 15:37,43.3918
2015/5/1 15:38,43.3101
2015/5/1 15:39,37.7329
2015/5/1 15:40,39.3235
2015/5/1 15:41,39.5786
2015/5/1 15:42,40.4406
2015/5/1 15:43,44.9455
2015/5/1 15:44,43.3931
2015/5/1 15:45,42.1162
2015/5/1 15:46,42.5876
2015/5/1 15:47,47.3306
2015/5/1 15:48,44.3358
2015/5/1 15:49,44.2586
2015/5/1 15:50,43.8968
2015/5/1 15:51,42.1915
2015/5/1 15:52,44.0176
2015/5/1 15:53,44.7261
2015/5/1 15:54,42.9847
2015/5/1 15:55,44.8483
2015/5/1 15:56,46.9194
2015/5/1 15:57,42.6732
2015/5/1 15:58,41.8587
2015/5/1 15:59,42.5557
2015/5/1 16:00,42.1318
2015/5/1 16:01,41.6878
2015/5/1 16:02,42.3119
2015/5/1 16:03,43.8567
2015/5/1 16:04,45.0902
2015/5/1 16:05,45.4342
2015/5/1 16:06,46.2569
2015/5/1 16:07,45.0702
2015/5/1 16:08,47.9999
2015/5/1 16:09,46.9715
2015/5/1 16:10,45.7334
2015/5/1 16:11,46.3501
2015/5/1 16:12,48.1371
2015/5/1 16:13,48.7355
2015/5/1 16:14,50.4969
2015/5/1 16:15,49.9359
2015/5/1 16:16,44.1074
2015/5/1 16:17,42.4184
2015/5/1 16:18,42.4781
2015/5/1 16:19,40.6972
2015/5/1 16:20,40.6972
2015/5/1 16:21,37.3214
2015/5/1 16:22,36.314
2015/5/1 16:23,39.2455
2015/5/1 16:24,40.8734
2015/5/1 16:25,38.9836
2015/5/1 16:26,41.2322
2015/5/1 16:27,41.0729
2015/5/1 16:28,40.4871
2015/5/1 16:29,41.6336
2015/5/1 16:30,44.3878
2015/5/1 16:31,45.301
2015/5/1 16:32,43.4335
2015/5/1 16:33,43.8599
2015/5/1 16:34,44.2286
2015/5/1 16:35,41.1166
2015/5/1 16:36,40.5853
2015/5/1 16:37,42.8646
2015/5/1 16:38,43.1256
2015/5/1 16:39,42.8638
2015/5/1 16:40,42.7624
2015/5/1 16:41,42.2029
2015/5/1 16:42,43.7572
2015/5/1 16:43,42.5328
2015/5/1 16:44,44.8119
2015/5/1 16:45,46.2955
2015/5/1 16:46,40.1741
2015/5/1 16:47,41.8567
2015/5/1 16:48,41.6071
2015/5/1 16:49,42.069
2015/5/1 16:50,40.8287
2015/5/1 16:51,38.9865
2015/5/1 16:52,39.9435
2015/5/1 16:53,41.3068
2015/5/1 16:54,43.4201
2015/5/1 16:55,44.0342
2015/5/1 16:56,44.24
2015/5/1 16:57,45.0266
2015/5/1 16:58,42.8411
2015/5/1 16:59,40.1474
2015/5/1 17:00,41.0413
2015/5/1 17:01,40.3521
2015/5/1 17:02,41.3308
2015/5/1 17:03,42.4642
2015/5/1 17:04,44.9965
2015/5/1 17:05,45.4485
2015/5/1 17:06,47.1434
2015/5/1 17:07,45.1125
2015/5/1 17:08,48.3674
2015/5/1 17:09,48.5683
2015/5/1 17:10,48.5269
2015/5/1 17:11,48.2772
2015/5/1 17:12,49.2051
2015/5/1 17:13,49.4596
2015/5/1 17:14,51.1099
2015/5/1 17:15,48.5101
2015/5/1 17:16,46.4886
2015/5/1 17:17,45.536
2015/5/1 17:18,46.93
2015/5/1 17:19,46.1399
2015/5/1 17:20,42.8841
2015/5/1 17:21,44.549
2015/5/1 17:22,48.9988
2015/5/1 17:23,44.0772
2015/5/1 17:24,43.7118
2015/5/1 17:25,43.681
2015/5/1 17:26,46.5596
2015/5/1 17:27,48.3742
2015/5/1 17:28,47.3076
2015/5/1 17:29,42.823
2015/5/1 17:30,43.2197
2015/5/1 17:31,44.1036
2015/5/1 17:32,42.9575
2015/5/1 17:33,44.9619
2015/5/1 17:34,45.7805
2015/5/1 17:35,44.4693
2015/5/1 17:36,43.0705
2015/5/1 17:37,43.0705
2015/5/1 17:38,43.8901
2015/5/1 17:39,41.2359
2015/5/1 17:40,40.7072
2015/5/1 17:41,42.8001
2015/5/1 17:42,45.3444
2015/5/1 17:43,43.6794
2015/5/1 17:44,45.3847
2015/5/1 17:45,48.9425
2015/5/1 17:46,49.1334
2015/5/1 17:47,47.4216
2015/5/1 17:48,47.6032
2015/5/1 17:49,49.6543
2015/5/1 17:50,48.88
2015/5/1 17:51,46.3807
2015/5/1 17:52,45.8436
2015/5/1 17:53,43.1989
2015/5/1 17:54,41.5923
2015/5/1 17:55,40.2084
2015/5/1 17:56,44.0411
2015/5/1 17:57,46.6924
2015/5/1 17:58,44.422
2015/5/1 17:59,45.7994
2015/5/1 18:00,46.8974
2015/5/1 18:01,46.7437
2015/5/1 18:02,45.9704
2015/5/1 18:03,44.3537
2015/5/1 18:04,43.9927
2015/5/1 18:05,42.2528
2015/5/1 18:06,42.2906
2015/5/1 18:07,42.2012
2015/5/1 18:08,41.7657
2015/5/1 18:09,43.6555
2015/5/1 18:10,43.223
2015/5/1 18:11,43.8008
2015/5/1 18:12,44.1167
2015/5/1 18:13,42.7098
2015/5/1 18:14,48.6895
2015/5/1 18:15,47.4099
2015/5/1 18:16,48.8524
2015/5/1 18:17,47.8891
2015/5/1 18:18,48.0055
2015/5/1 18:19,50.1706
2015/5/1 18:20,51.4661
2015/5/1 18:21,48.6247
2015/5/1 18:22,49.6013
2015/5/1 18:23,49.8753
2015/5/1 18:24,50.8145
2015/5/1 18:25,50.191
2015/5/1 18:26,49.2823
2015/5/1 18:27,48.5228
2015/5/1 18:28,49.5219
2015/5/1 18:29,48.4136
2015/5/1 18:30,48.8099
2015/5/1 18:31,49.2607
2015/5/1 18:32,49.8434
2015/5/1 18:33,52.3079
2015/5/1 18:34,49.8032
2015/5/1 18:35,49.2454
2015/5/1 18:36,47.9492
2015/5/1 18:37,49.8211
2015/5/1 18:38,50.9844
2015/5/1 18:39,49.401
2015/5/1 18:40,47.4577
2015/5/1 18:41,46.6527
2015/5/1 18:42,44.2254
2015/5/1 18:43,44.7466
2015/5/1 18:44,46.7462
2015/5/1 18:45,47.8425
2015/5/1 18:46,48.8452
2015/5/1 18:47,47.5692
2015/5/1 18:48,47.2163
2015/5/1 18:49,47.7656
2015/5/1 18:50,49.7632
2015/5/1 18:51,44.4686
2015/5/1 18:52,44.528
2015/5/1 18:53,45.8121
2015/5/1 18:54,46.9296
2015/5/1 18:55,50.2936
2015/5/1 18:56,47.9485
2015/5/1 18:57,48.4318
2015/5/1 18:58,47.2599
2015/5/1 18:59,47.8055
2015/5/1 19:00,46.5454
2015/5/1 19:01,44.8192
2015/5/1 19:02,44.9193
2015/5/1 19:03,42.6119
2015/5/1 19:04,44.6457
2015/5/1 19:05,45.6984
2015/5/1 19:06,43.9607
2015/5/1 19:07,42.1029
2015/5/1 19:08,44.6033
2015/5/1 19:09,44.8951
2015/5/1 19:10,46.1822
2015/5/1 19:11,47.9964
2015/5/1 19:12,45.6722
2015/5/1 19:13,46.3667
2015/5/1 19:14,46.5331
2015/5/1 19:15,47.145
2015/5/1 19:16,45.7507
2015/5/1 19:17,44.943
2015/5/1 19:18,40.7673
2015/5/1 19:19,41.0387
2015/5/1 19:20,42.8446
2015/5/1 19:21,43.4218
2015/5/1 19:22,43.6004
2015/5/1 19:23,44.7859
2015/5/1 19:24,42.7554
2015/5/1 19:25,48.248
2015/5/1 19:26,47.7643
2015/5/1 19:27,48.6287
2015/5/1 19:28,47.8367
2015/5/1 19:29,46.1811
2015/5/1 19:30,42.0453
2015/5/1 19:31,42.4606
2015/5/1 19:32,44.2468
2015/5/1 19:33,40.7317
2015/5/1 19:34,43.3069
2015/5/1 19:35,42.7745
2015/5/1 19:36,41.0306
2015/5/1 19:37,41.0171
2015/5/1 19:38,41.5872
2015/5/1 19:39,40.8904
2015/5/1 19:40,40.5281
2015/5/1 19:41,38.6945
2015/5/1 19:42,37.3123
2015/5/1 19:43,38.4997
2015/5/1 19:44,38.2419
2015/5/1 19:45,39.4587
2015/5/1 19:46,40.1187
2015/5/1 19:47,40.5587
2015/5/1 19:48,40.7622
2015/5/1 19:49,39.8702
2015/5/1 19:50,40.162
2015/5/1 19:51,41.7175
2015/5/1 19:52,43.6062
2015/5/1 19:53,42.9115
2015/5/1 19:54,42.4796
2015/5/1 19:55,42.581
2015/5/1 19:56,42.1555
2015/5/1 19:57,42.7802
2015/5/1 19:58,43.2705
2015/5/1 19:59,41.3184
2015/5/1 20:00,42.2748
2015/5/1 20:01,43.577
2015/5/1 20:02,45.2761
2015/5/1 20:03,42.8157
2015/5/1 20:04,41.3045
2015/5/1 20:05,44.1226
2015/5/1 20:06,43.783
2015/5/1 20:07,40.6115
2015/5/1 20:08,38.4203
2015/5/1 20:09,38.5485
2015/5/1 20:10,39.6122
2015/5/1 20:11,41.6947
2015/5/1 20:12,39.8245
2015/5/1 20:13,41.1882
2015/5/1 20:14,41.1973
2015/5/1 20:15,43.189
2015/5/1 20:16,39.7693
2015/5/1 20:17,41.9697
2015/5/1 20:18,42.5915
2015/5/1 20:19,45.2529
2015/5/1 20:20,44.415
2015/5/1 20:21,44.1657
2015/5/1 20:22,45.8017
2015/5/1 20:23,45.3516
2015/5/1 20:24,45.6523
2015/5/1 20:25,44.6442
2015/5/1 20:26,47.5315
2015/5/1 20:27,42.9549
2015/5/1 20:28,44.4046
2015/5/1 20:29,44.1544
2015/5/1 20:30,44.2308
2015/5/1 20:31,46.3739
2015/5/1 20:32,43.3906
2015/5/1 20:33,42.557
2015/5/1 20:34,40.9209
2015/5/1 20:35,42.9593
2015/5/1 20:36,46.4467
2015/5/1 20:37,43.7252
2015/5/1 20:38,48.5528
2015/5/1 20:39,45.925
2015/5/1 20:40,43.7023
2015/5/1 20:41,43.136
2015/5/1 20:42,43.136
2015/5/1 20:43,41.2315
2015/5/1 20:44,45.0593
2015/5/1 20:45,46.4511
2015/5/1 20:46,45.2623
2015/5/1 20:47,47.0786
2015/5/1 20:48,43.1132
2015/5/1 20:49,48.6504
2015/5/1 20:50,45.7693
2015/5/1 20:51,47.3385
2015/5/1 20:52,45.8877
2015/5/1 20:53,42.8775
2015/5/1 20:54,42.5386
2015/5/1 20:55,37.9378
2015/5/1 20:56,42.9242
2015/5/1 20:57,43.9587
2015/5/1 20:58,43.6796
2015/5/1 20:59,42.7413
2015/5/1 21:00,38.6992
2015/5/1 21:01,38.9291
2015/5/1 21:02,42.9125
2015/5/1 21:03,45.8434
2015/5/1 21:04,46.4419
2015/5/1 21:05,43.6268
2015/5/1 21:06,45.8322
2015/5/1 21:07,42.8239
2015/5/1 21:08,42.4914
2015/5/1 21:09,43.6102
2015/5/1 21:10,46.0042
2015/5/1 21:11,45.7278
2015/5/1 21:12,45.0373
2015/5/1 21:13,43.3641
2015/5/1 21:14,43.0395
2015/5/1 21:15,46.1003
2015/5/1 21:16,46.5651
2015/5/1 21:17,47.8436
2015/5/1 21:18,45.5581
2015/5/1 21:19,48.6587
2015/5/1 21:20,48.1941
2015/5/1 21:21,51.1775
2015/5/1 21:22,48.8696
2015/5/1 21:23,49.2274
2015/5/1 21:24,44.4576
2015/5/1 21:25,43.6155
2015/5/1 21:26,42.5264
2015/5/1 21:27,44.6887
2015/5/1 21:28,43.2529
2015/5/1 21:29,44.645
2015/5/1 21:30,46.1081
2015/5/1 21:31,45.3015
2015/5/1 21:32,48.1309
2015/5/1 21:33,48.4257
2015/5/1 21:34,43.5153
2015/5/1 21:35,43.0175
2015/5/1 21:36,40.722
2015/5/1 21:37,45.0488
2015/5/1 21:38,46.4513
2015/5/1 21:39,47.1001
2015/5/1 21:40,44.0339
2015/5/1 21:41,42.5046
2015/5/1 21:42,46.6965
2015/5/1 21:43,44.501
2015/5/1 21:44,46.7177
2015/5/1 21:45,48.4518
2015/5/1 21:46,43.6559
2015/5/1 21:47,43.8152
2015/5/1 21:48,47.5849
2015/5/1 21:49,47.4189
2015/5/1 21:50,51.1022
2015/5/1 21:51,52.4869
2015/5/1 21:52,52.4869
2015/5/1 21:53,45.4395
2015/5/1 21:54,46.0213
2015/5/1 21:55,46.0213
2015/5/1 21:56,44.1176
2015/5/1 21:57,44.1518
2015/5/1 21:58,44.8818
2015/5/1 21:59,44.6915
2015/5/1 22:00,44.5868
2015/5/1 22:01,44.1625
2015/5/1 22:02,46.692
2015/5/1 22:03,46.163
2015/5/1 22:04,44.8026
2015/5/1 22:05,47.8634
2015/5/1 22:06,46.3897
2015/5/1 22:07,47.5553
2015/5/1 22:08,48.1511
2015/5/1 22:09,50.901
2015/5/1 22:10,50.7151
2015/5/1 22:11,47.8865
2015/5/1 22:12,45.2022
2015/5/1 22:13,47.3482
2015/5/1 22:14,46.9796
2015/5/1 22:15,48.28
2015/5/1 22:16,48.4838
2015/5/1 22:17,45.6244
2015/5/1 22:18,44.4654
2015/5/1 22:19,41.5363
2015/5/1 22:20,40.5896
2015/5/1 22:21,41.0767
2015/5/1 22:22,42.8635
2015/5/1 22:23,40.0254
2015/5/1 22:24,42.4355
2015/5/1 22:25,43.1758
2015/5/1 22:26,40.956
2015/5/1 22:27,39.4016
2015/5/1 22:28,39.0126
2015/5/1 22:29,39.2804
2015/5/1 22:30,38.1495
2015/5/1 22:31,40.5315
2015/5/1 22:32,41.0811
2015/5/1 22:33,38.3234
2015/5/1 22:34,38.9393
2015/5/1 22:35,42.1941
2015/5/1 22:36,43.1938
2015/5/1 22:37,46.4637
2015/5/1 22:38,45.3046
2015/5/1 22:39,45.0498
2015/5/1 22:40,43.9661
2015/5/1 22:41,45.4445
2015/5/1 22:42,45.7832
2015/5/1 22:43,41.3187
2015/5/1 22:44,45.696
2015/5/1 22:45,41.6174
2015/5/1 22:46,40.8073
2015/5/1 22:47,41.0578
2015/5/1 22:48,43.2575
2015/5/1 22:49,42.0273
2015/5/1 22:50,43.9315
2015/5/1 22:51,42.1431
2015/5/1 22:52,43.3807
2015/5/1 22:53,40.5356
2015/5/1 22:54,40.3108
2015/5/1 22:55,43.9278
2015/5/1 22:56,41.3617
2015/5/1 22:57,37.5244
2015/5/1 22:58,38.1182
2015/5/1 22:59,41.1288
2015/5/1 23:00,44.9537
2015/5/1 23:01,41.7265
2015/5/1 23:02,42.0653
2015/5/1 23:03,45.3336
2015/5/1 23:04,47.1912
2015/5/1 23:05,47.8987
2015/5/1 23:06,46.2886
2015/5/1 23:07,45.7121
2015/5/1 23:08,45.6107
2015/5/1 23:09,45.0374
2015/5/1 23:10,44.0756
2015/5/1 23:11,42.0003
2015/5/1 23:12,46.568
2015/5/1 23:13,47.1924
2015/5/1 23:14,46.8113
2015/5/1 23:15,46.7105
2015/5/1 23:16,45.1504
2015/5/1 23:17,46.9973
2015/5/1 23:18,47.4648
2015/5/1 23:19,48.2739
2015/5/1 23:20,47.2213
2015/5/1 23:21,45.3763
2015/5/1 23:22,44.7283
2015/5/1 23:23,44.2738
2015/5/1 23:24,43.4302
2015/5/1 23:25,44.1066
2015/5/1 23:26,43.1281
2015/5/1 23:27,41.6495
2015/5/1 23:28,39.2268
2015/5/1 23:29,37.9447
2015/5/1 23:30,40.8154
2015/5/1 23:31,42.4034
2015/5/1 23:32,47.3253
2015/5/1 23:33,42.3901
2015/5/1 23:34,44.8327
2015/5/1 23:35,44.9506
2015/5/1 23:36,46.6879
2015/5/1 23:37,48.2333
2015/5/1 23:38,50.3088
2015/5/1 23:39,48.1386
2015/5/1 23:40,47.7355
2015/5/1 23:41,46.9977
2015/5/1 23:42,48.694
2015/5/1 23:43,47.8657
2015/5/1 23:44,43.5203
2015/5/1 23:45,41.0676
2015/5/1 23:46,41.2532
2015/5/1 23:47,44.8481
2015/5/1 23:48,47.051
2015/5/1 23:49,41.2685
2015/5/1 23:50,42.6495
2015/5/1 23:51,41.3804
2015/5/1 23:52,42.9709
2015/5/1 23:53,44.2172
2015/5/1 23:54,45.3194
2015/5/1 23:55,46.923
2015/5/1 23:56,47.767
2015/5/1 23:57,43.9684
2015/5/1 23:58,53.4
2015/5/1 23:59,55.6351
2015/5/2 00:00,55.3442
2015/5/2 00:01,51.4297
2015/5/2 00:02,51.1153
2015/5/2 00:03,49.724
2015/5/2 00:04,52.6367
2015/5/2 00:05,50.3112
2015/5/2 00:06,50.765
2015/5/2 00:07,50.8046
2015/5/2 00:08,47.0777
2015/5/2 00:09,50.0943
2015/5/2 00:10,48.0106
2015/5/2 00:11,48.446
2015/5/2 00:12,46.3145
2015/5/2 00:13,47.5234
2015/5/2 00:14,44.1747
2015/5/2 00:15,42.0114
2015/5/2 00:16,41.7585
2015/5/2 00:17,42.1989
2015/5/2 00:18,42.674
2015/5/2 00:19,44.1061
2015/5/2 00:20,43.5992
2015/5/2 00:21,42.9534
2015/5/2 00:22,47.3691
2015/5/2 00:23,44.5452
2015/5/2 00:24,46.4425
2015/5/2 00:25,49.2188
2015/5/2 00:26,47.099
2015/5/2 00:27,48.29
2015/5/2 00:28,50.9071
2015/5/2 00:29,50.6821
2015/5/2 00:30,55.0434
2015/5/2 00:31,52.7244
2015/5/2 00:32,50.223
2015/5/2 00:33,51.5146
2015/5/2 00:34,55.3085
2015/5/2 00:35,57.0191
2015/5/2 00:36,56.6489
2015/5/2 00:37,56.0242
2015/5/2 00:38,57.2132
2015/5/2 00:39,54.7676
2015/5/2 00:40,54.8535
2015/5/2 00:41,57.2746
2015/5/2 00:42,54.2955
2015/5/2 00:43,47.9706
2015/5/2 00:44,49.6876
2015/5/2 00:45,49.7181
2015/5/2 00:46,44.5163
2015/5/2 00:47,42.5004
2015/5/2 00:48,41.434
2015/5/2 00:49,41.7393
2015/5/2 00:50,38.0786
2015/5/2 00:51,34.9643
2015/5/2 00:52,33.6489
2015/5/2 00:53,33.7062
2015/5/2 00:54,35.2006
2015/5/2 00:55,35.344
2015/5/2 00:56,36.8865
2015/5/2 00:57,34.6068
2015/5/2 00:58,35.3946
2015/5/2 00:59,34.3954
2015/5/2 01:00,36.1032
2015/5/2 01:01,34.6701
2015/5/2 01:02,33.0159
2015/5/2 01:03,33.5366
2015/5/2 01:04,32.5829
2015/5/2 01:05,33.7061
2015/5/2 01:06,32.0341
2015/5/2 01:07,33.5757
2015/5/2 01:08,33.0736
2015/5/2 01:09,33.5386
2015/5/2 01:10,35.8813
2015/5/2 01:11,33.0918
2015/5/2 01:12,32.743
2015/5/2 01:13,32.291
2015/5/2 01:14,34.0992
2015/5/2 01:15,33.5324
2015/5/2 01:16,36.3281
2015/5/2 01:17,37.1582
2015/5/2 01:18,39.0783
2015/5/2 01:19,42.6471
2015/5/2 01:20,41.634
2015/5/2 01:21,43.1783
2015/5/2 01:22,42.124
2015/5/2 01:23,41.4126
2015/5/2 01:24,41.219
2015/5/2 01:25,38.3188
2015/5/2 01:26,37.086
2015/5/2 01:27,38.0628
2015/5/2 01:28,37.4905
2015/5/2 01:29,39.8425
2015/5/2 01:30,37.8928
2015/5/2 01:31,38.5698
2015/5/2 01:32,34.4142
2015/5/2 01:33,34.1076
2015/5/2 01:34,32.3261
2015/5/2 01:35,34.1319
2015/5/2 01:36,34.8534
2015/5/2 01:37,33.9228
2015/5/2 01:38,35.3868
2015/5/2 01:39,33.5912
2015/5/2 01:40,35.2844
2015/5/2 01:41,34.7815
2015/5/2 01:42,34.7815
2015/5/2 01:43,32.4284
2015/5/2 01:44,32.3698
2015/5/2 01:45,32.3166
2015/5/2 01:46,31.5351
2015/5/2 01:47,30.0966
2015/5/2 01:48,33.46
2015/5/2 01:49,30.4054
2015/5/2 01:50,30.1593
2015/5/2 01:51,31.8093
2015/5/2 01:52,30.7799
2015/5/2 01:53,28.5189
2015/5/2 01:54,27.5288
2015/5/2 01:55,30.248
2015/5/2 01:56,30.4226
2015/5/2 01:57,31.8229
2015/5/2 01:58,29.6624
2015/5/2 01:59,32.3207
2015/5/2 02:00,34.0756
2015/5/2 02:01,35.3515
2015/5/2 02:02,37.3606
2015/5/2 02:03,34.2774
2015/5/2 02:04,35.2092
2015/5/2 02:05,34.4234
2015/5/2 02:06,33.6489
2015/5/2 02:07,33.4839
2015/5/2 02:08,33.1687
2015/5/2 02:09,32.8959
2015/5/2 02:10,33.6511
2015/5/2 02:11,33.1956
2015/5/2 02:12,31.7015
2015/5/2 02:13,33.9422
2015/5/2 02:14,34.4916
2015/5/2 02:15,34.2336
2015/5/2 02:16,34.4901
2015/5/2 02:17,35.6119
2015/5/2 02:18,35.9603
2015/5/2 02:19,35.5203
2015/5/2 02:20,34.9104
2015/5/2 02:21,33.5766
2015/5/2 02:22,35.0945
2015/5/2 02:23,34.7479
2015/5/2 02:24,35.236
2015/5/2 02:25,36.3404
2015/5/2 02:26,37.6234
2015/5/2 02:27,35.7856
2015/5/2 02:28,37.2934
2015/5/2 02:29,35.1164
2015/5/2 02:30,38.1293
2015/5/2 02:31,34.4741
2015/5/2 02:32,37.371
2015/5/2 02:33,40.2964
2015/5/2 02:34,38.5923
2015/5/2 02:35,36.5382
2015/5/2 02:36,37.4398
2015/5/2 02:37,36.999
2015/5/2 02:38,37.7422
2015/5/2 02:39,37.896
2015/5/2 02:40,38.45
2015/5/2 02:41,37.7597
2015/5/2 02:42,36.3653
2015/5/2 02:43,35.5002
2015/5/2 02:44,34.6894
2015/5/2 02:45,34.669
2015/5/2 02:46,35.8646
2015/5/2 02:47,39.0064
2015/5/2 02:48,38.0906
2015/5/2 02:49,37.0482
2015/5/2 02:50,37.8863
2015/5/2 02:51,33.9254
2015/5/2 02:52,31.5846
2015/5/2 02:53,35.782
2015/5/2 02:54,29.7453
2015/5/2 02:55,30.9818
2015/5/2 02:56,31.4628
2015/5/2 02:57,32.2235
2015/5/2 02:58,34.4519
2015/5/2 02:59,33.2856
2015/5/2 03:00,32.9175
2015/5/2 03:01,36.4137
2015/5/2 03:02,35.5704
2015/5/2 03:03,30.4291
2015/5/2 03:04,32.7988
2015/5/2 03:05,33.8866
2015/5/2 03:06,36.2738
2015/5/2 03:07,34.9925
2015/5/2 03:08,35.7276
2015/5/2 03:09,34.1631
2015/5/2 03:10,33.4507
2015/5/2 03:11,35.4829
2015/5/2 03:12,34.9733
2015/5/2 03:13,33.601
2015/5/2 03:14,30.3973
2015/5/2 03:15,32.441
2015/5/2 03:16,34.0979
2015/5/2 03:17,31.9388
2015/5/2 03:18,33.0386
2015/5/2 03:19,33.5658
2015/5/2 03:20,33.6858
2015/5/2 03:21,32.6187
2015/5/2 03:22,32.2443
2015/5/2 03:23,32.0277
2015/5/2 03:24,32.0743
2015/5/2 03:25,34.4432
2015/5/2 03:26,34.4432
2015/5/2 03:27,31.8088
2015/5/2 03:28,31.1773
2015/5/2 03:29,31.1627
2015/5/2 03:30,31.3985
2015/5/2 03:31,33.684
2015/5/2 03:32,33.9524
2015/5/2 03:33,33.1255
2015/5/2 03:34,33.2388
2015/5/2 03:35,33.7832
2015/5/2 03:36,33.8944
2015/5/2 03:37,32.0763
2015/5/2 03:38,34.7672
2015/5/2 03:39,32.5992
2015/5/2 03:40,33.8677
2015/5/2 03:41,34.544
2015/5/2 03:42,34.151
2015/5/2 03:43,35.0479
2015/5/2 03:44,32.9248
2015/5/2 03:45,32.363
2015/5/2 03:46,33.0976
2015/5/2 03:47,33.5367
2015/5/2 03:48,34.8427
2015/5/2 03:49,32.2257
2015/5/2 03:50,33.4834
2015/5/2 03:51,33.535
2015/5/2 03:52,33.0885
2015/5/2 03:53,34.0059
2015/5/2 03:54,35.314
2015/5/2 03:55,32.7229
2015/5/2 03:56,33.6877
2015/5/2 03:57,33.6877
2015/5/2 03:58,33.178
2015/5/2 03:59,31.9849
2015/5/2 04:00,30.7642
2015/5/2 04:01,33.8175
2015/5/2 04:02,32.6645
2015/5/2 04:03,31.8257
2015/5/2 04:04,32.7562
2015/5/2 04:05,32.8841
2015/5/2 04:06,33.8289
2015/5/2 04:07,32.5694
2015/5/2 04:08,33.3996
2015/5/2 04:09,32.8866
2015/5/2 04:10,34.134
2015/5/2 04:11,31.1419
2015/5/2 04:12,32.6321
2015/5/2 04:13,32.7046
2015/5/2 04:14,35.1953
2015/5/2 04:15,33.4213
2015/5/2 04:16,34.7122
2015/5/2 04:17,33.7741
2015/5/2 04:18,33.6839
2015/5/2 04:19,33.4373
2015/5/2 04:20,34.84
2015/5/2 04:21,29.6222
2015/5/2 04:22,30.5787
2015/5/2 04:23,29.8782
2015/5/2 04:24,34.1121
2015/5/2 04:25,36.7195
2015/5/2 04:26,36.3781
2015/5/2 04:27,37.2786
2015/5/2 04:28,37.7399
2015/5/2 04:29,34.7187
2015/5/2 04:30,34.7865
2015/5/2 04:31,34.8908
2015/5/2 04:32,37.4003
2015/5/2 04:33,37.914
2015/5/2 04:34,38.9255
2015/5/2 04:35,39.1026
2015/5/2 04:36,38.106
2015/5/2 04:37,34.5444
2015/5/2 04:38,35.216
2015/5/2 04:39,36.802
2015/5/2 04:40,34.7306
2015/5/2 04:41,35.8388
2015/5/2 04:42,37.5284
2015/5/2 04:43,35.2343
2015/5/2 04:44,38.2899
2015/5/2 04:45,37.7183
2015/5/2 04:46,38.0983
2015/5/2 04:47,35.8458
2015/5/2 04:48,34.9277
2015/5/2 04:49,34.1597
2015/5/2 04:50,35.6358
2015/5/2 04:51,34.4305
2015/5/2 04:52,34.1249
2015/5/2 04:53,34.8238
2015/5/2 04:54,36.5258
2015/5/2 04:55,34.2993
2015/5/2 04:56,34.2816
2015/5/2 04:57,30.6729
2015/5/2 04:58,32.2337
2015/5/2 04:59,31.9013
2015/5/2 05:00,30.7258
2015/5/2 05:01,29.951
2015/5/2 05:02,32.8029
2015/5/2 05:03,31.6746
2015/5/2 05:04,27.706
2015/5/2 05:05,28.0564
2015/5/2 05:06,30.8343
2015/5/2 05:07,28.2083
2015/5/2 05:08,27.6393
2015/5/2 05:09,30.7307
2015/5/2 05:10,28.8433
2015/5/2 05:11,30.7183
2015/5/2 05:12,30.0372
2015/5/2 05:13,29.8952
2015/5/2 05:14,29.7912
2015/5/2 05:15,30.5022
2015/5/2 05:16,30.8097
2015/5/2 05:17,32.1182
2015/5/2 05:18,31.946
2015/5/2 05:19,32.4013
2015/5/2 05:20,32.986
2015/5/2 05:21,33.4332
2015/5/2 05:22,32.7045
2015/5/2 05:23,32.9144
2015/5/2 05:24,31.9246
2015/5/2 05:25,32.1049
2015/5/2 05:26,32.4757
2015/5/2 05:27,32.4757
2015/5/2 05:28,32.3288
2015/5/2 05:29,31.999
2015/5/2 05:30,30.0088
2015/5/2 05:31,30.5688
2015/5/2 05:32,32.2853
2015/5/2 05:33,30.2844
2015/5/2 05:34,33.6531
2015/5/2 05:35,32.8867
2015/5/2 05:36,31.4871
2015/5/2 05:37,33.3306
2015/5/2 05:38,34.851
2015/5/2 05:39,34.1642
2015/5/2 05:40,35.905
2015/5/2 05:41,35.1367
2015/5/2 05:42,32.8236
2015/5/2 05:43,38.5118
2015/5/2 05:44,36.8162
2015/5/2 05:45,32.5156
2015/5/2 05:46,33.905
2015/5/2 05:47,34.7019
2015/5/2 05:48,35.9078
2015/5/2 05:49,34.3168
2015/5/2 05:50,34.889
2015/5/2 05:51,33.7919
2015/5/2 05:52,34.4531
2015/5/2 05:53,31.4799
2015/5/2 05:54,30.9071
2015/5/2 05:55,32.4158
2015/5/2 05:56,31.1955
2015/5/2 05:57,31.7539
2015/5/2 05:58,32.8662
2015/5/2 05:59,32.1836
2015/5/2 06:00,29.7054
2015/5/2 06:01,29.1585
2015/5/2 06:02,30.5936
2015/5/2 06:03,28.5162
2015/5/2 06:04,29.9937
2015/5/2 06:05,27.9562
2015/5/2 06:06,28.1605
2015/5/2 06:07,29.9411
2015/5/2 06:08,31.5814
2015/5/2 06:09,32.2197
2015/5/2 06:10,29.5768
2015/5/2 06:11,31.6355
2015/5/2 06:12,32.5594
2015/5/2 06:13,34.4696
2015/5/2 06:14,32.4349
2015/5/2 06:15,29.0381
2015/5/2 06:16,35.0758
2015/5/2 06:17,34.0915
2015/5/2 06:18,33.369
2015/5/2 06:19,31.1049
2015/5/2 06:20,30.0177
2015/5/2 06:21,31.674
2015/5/2 06:22,32.0454
2015/5/2 06:23,31.3312
2015/5/2 06:24,31.3193
2015/5/2 06:25,29.9277
2015/5/2 06:26,31.2083
2015/5/2 06:27,30.0079
2015/5/2 06:28,29.119
2015/5/2 06:29,27.837
2015/5/2 06:30,28.092
2015/5/2 06:31,29.3509
2015/5/2 06:32,32.5104
2015/5/2 06:33,32.6126
2015/5/2 06:34,31.9411
2015/5/2 06:35,32.1913
2015/5/2 06:36,32.1699
2015/5/2 06:37,32.1699
2015/5/2 06:38,33.6542
2015/5/2 06:39,35.5758
2015/5/2 06:40,34.5919
2015/5/2 06:41,35.8372
2015/5/2 06:42,36.414
2015/5/2 06:43,36.8635
2015/5/2 06:44,36.5445
2015/5/2 06:45,36.4494
2015/5/2 06:46,33.4777
2015/5/2 06:47,32.0597
2015/5/2 06:48,32.7878
2015/5/2 06:49,35.1294
2015/5/2 06:50,36.9309
2015/5/2 06:51,35.2095
2015/5/2 06:52,35.7622
2015/5/2 06:53,33.5687
2015/5/2 06:54,36.2229
2015/5/2 06:55,36.6774
2015/5/2 06:56,35.6336
2015/5/2 06:57,35.5665
2015/5/2 06:58,36.1619
2015/5/2 06:59,35.4727
2015/5/2 07:00,37.063
2015/5/2 07:01,35.2291
2015/5/2 07:02,33.3134
2015/5/2 07:03,34.3541
2015/5/2 07:04,31.9509
2015/5/2 07:05,32.9139
2015/5/2 07:06,32.2384
2015/5/2 07:07,33.2129
2015/5/2 07:08,33.9763
2015/5/2 07:09,33.226
2015/5/2 07:10,36.5599
2015/5/2 07:11,35.3379
2015/5/2 07:12,31.8827
2015/5/2 07:13,34.9726
2015/5/2 07:14,35.1233
2015/5/2 07:15,32.9111
2015/5/2 07:16,37.0869
2015/5/2 07:17,35.2844
2015/5/2 07:18,32.976
2015/5/2 07:19,32.976
2015/5/2 07:20,31.2301
2015/5/2 07:21,29.3717
2015/5/2 07:22,29.3192
2015/5/2 07:23,33.4964
2015/5/2 07:24,32.9477
2015/5/2 07:25,33.3246
2015/5/2 07:26,36.1597
2015/5/2 07:27,36.3861
2015/5/2 07:28,37.4556
2015/5/2 07:29,35.9664
2015/5/2 07:30,30.6377
2015/5/2 07:31,32.1516
2015/5/2 07:32,33.5177
2015/5/2 07:33,36.1199
2015/5/2 07:34,36.4778
2015/5/2 07:35,37.1653
2015/5/2 07:36,35.456
2015/5/2 07:37,36.051
2015/5/2 07:38,36.4106
2015/5/2 07:39,34.4638
2015/5/2 07:40,33.9527
2015/5/2 07:41,35.3776
2015/5/2 07:42,36.2159
2015/5/2 07:43,34.3309
2015/5/2 07:44,35.7401
2015/5/2 07:45,35.4325
2015/5/2 07:46,32.9529
2015/5/2 07:47,34.4049
2015/5/2 07:48,33.4868
2015/5/2 07:49,34.8047
2015/5/2 07:50,35.7864
2015/5/2 07:51,34.0013
2015/5/2 07:52,32.0262
2015/5/2 07:53,35.6304
2015/5/2 07:54,36.5685
2015/5/2 07:55,36.0934
2015/5/2 07:56,35.284
2015/5/2 07:57,33.9974
2015/5/2 07:58,31.9049
2015/5/2 07:59,33.9026
2015/5/2 08:00,33.1178
2015/5/2 08:01,35.7657
2015/5/2 08:02,33.6033
2015/5/2 08:03,35.5964
2015/5/2 08:04,35.3937
2015/5/2 08:05,34.1229
2015/5/2 08:06,36.0203
2015/5/2 08:07,35.9027
2015/5/2 08:08,34.7683
2015/5/2 08:09,35.7609
2015/5/2 08:10,36.1001
2015/5/2 08:11,36.0216
2015/5/2 08:12,35.8726
2015/5/2 08:13,36.1284
2015/5/2 08:14,35.9844
2015/5/2 08:15,37.4084
2015/5/2 08:16,35.4243
2015/5/2 08:17,36.9421
2015/5/2 08:18,34.4955
2015/5/2 08:19,32.5467
2015/5/2 08:20,36.2503
2015/5/2 08:21,35.8295
2015/5/2 08:22,36.3531
2015/5/2 08:23,34.7167
2015/5/2 08:24,35.421
2015/5/2 08:25,36.0029
2015/5/2 08:26,35.6756
2015/5/2 08:27,35.1204
2015/5/2 08:28,36.4289
2015/5/2 08:29,31.6917
2015/5/2 08:30,31.3451
2015/5/2 08:31,33.3242
2015/5/2 08:32,30.1248
2015/5/2 08:33,27.9169
2015/5/2 08:34,28.6701
2015/5/2 08:35,30.5003
2015/5/2 08:36,32.8235
2015/5/2 08:37,33.0836
2015/5/2 08:38,33.8268
2015/5/2 08:39,34.5902
2015/5/2 08:40,33.6255
2015/5/2 08:41,35.4515
2015/5/2 08:42,33.3963
2015/5/2 08:43,33.6279
2015/5/2 08:44,36.8168
2015/5/2 08:45,37.1758
2015/5/2 08:46,37.1758
2015/5/2 08:47,38.7319
2015/5/2 08:48,33.4467
2015/5/2 08:49,33.2002
2015/5/2 08:50,34.9683
2015/5/2 08:51,33.887
2015/5/2 08:52,36.2482
2015/5/2 08:53,35.1114
2015/5/2 08:54,35.8386
2015/5/2 08:55,35.255
2015/5/2 08:56,36.2806
2015/5/2 08:57,35.4952
2015/5/2 08:58,36.4059
2015/5/2 08:59,37.4689
2015/5/2 09:00,38.2696
2015/5/2 09:01,37.2898
2015/5/2 09:02,39.6167
2015/5/2 09:03,39.6817
2015/5/2 09:04,39.0708
2015/5/2 09:05,39.2143
2015/5/2 09:06,38.8825
2015/5/2 09:07,40.9401
2015/5/2 09:08,39.4781
2015/5/2 09:09,42.1548
2015/5/2 09:10,42.9223
2015/5/2 09:11,37.331
2015/5/2 09:12,39.556
2015/5/2 09:13,41.3344
2015/5/2 09:14,42.0593
2015/5/2 09:15,40.677
2015/5/2 09:16,40.0815
2015/5/2 09:17,41.1153
2015/5/2 09:18,42.7692
2015/5/2 09:19,45.0342
2015/5/2 09:20,46.1805
2015/5/2 09:21,43.249
2015/5/2 09:22,40.2625
2015/5/2 09:23,38.8337
2015/5/2 09:24,39.6757
2015/5/2 09:25,40.1412
2015/5/2 09:26,42.0241
2015/5/2 09:27,43.4772
2015/5/2 09:28,44.548
2015/5/2 09:29,49.9831
2015/5/2 09:30,45.863
2015/5/2 09:31,48.8422
2015/5/2 09:32,53.0118
2015/5/2 09:33,49.1499
2015/5/2 09:34,50.216
2015/5/2 09:35,52.0268
2015/5/2 09:36,49.9452
2015/5/2 09:37,50.2544
2015/5/2 09:38,52.3461
2015/5/2 09:39,51.1284
2015/5/2 09:40,43.6395
2015/5/2 09:41,43.3664
2015/5/2 09:42,44.2177
2015/5/2 09:43,40.4303
2015/5/2 09:44,42.7351
2015/5/2 09:45,44.1113
2015/5/2 09:46,43.3288
2015/5/2 09:47,42.0881
2015/5/2 09:48,46.7136
2015/5/2 09:49,48.9289
2015/5/2 09:50,45.3626
2015/5/2 09:51,45.2957
2015/5/2 09:52,48.3842
2015/5/2 09:53,55.2899
2015/5/2 09:54,53.721
2015/5/2 09:55,55.8901
2015/5/2 09:56,50.8369
2015/5/2 09:57,47.771
2015/5/2 09:58,48.5015
2015/5/2 09:59,52.1905
2015/5/2 10:00,56.6265
2015/5/2 10:01,56.6952
2015/5/2 10:02,57.055
2015/5/2 10:03,53.3828
2015/5/2 10:04,55.7569
2015/5/2 10:05,54.3357
2015/5/2 10:06,55.355
2015/5/2 10:07,61.3094
2015/5/2 10:08,54.0891
2015/5/2 10:09,53.7409
2015/5/2 10:10,52.0143
2015/5/2 10:11,53.0248
2015/5/2 10:12,53.9404
2015/5/2 10:13,54.6611
2015/5/2 10:14,54.0021
2015/5/2 10:15,57.5855
2015/5/2 10:16,45.3367
2015/5/2 10:17,44.0464
2015/5/2 10:18,42.4955
2015/5/2 10:19,42.0153
2015/5/2 10:20,41.2142
2015/5/2 10:21,39.8832
2015/5/2 10:22,39.7417
2015/5/2 10:23,42.1999
2015/5/2 10:24,39.1989
2015/5/2 10:25,41.1346
2015/5/2 10:26,39.791
2015/5/2 10:27,39.2107
2015/5/2 10:28,39.9967
2015/5/2 10:29,38.7137
2015/5/2 10:30,39.7417
2015/5/2 10:31,38.7312
2015/5/2 10:32,35.5464
2015/5/2 10:33,36.357
2015/5/2 10:34,34.6331
2015/5/2 10:35,40.2879
2015/5/2 10:36,39.2789
2015/5/2 10:37,41.1286
2015/5/2 10:38,39.2673
2015/5/2 10:39,40.1139
2015/5/2 10:40,43.3073
2015/5/2 10:41,41.0669
2015/5/2 10:42,39.0024
2015/5/2 10:43,35.953
2015/5/2 10:44,36.7968
2015/5/2 10:45,37.137
2015/5/2 10:46,37.112
2015/5/2 10:47,37.7619
2015/5/2 10:48,37.7177
2015/5/2 10:49,36.5312
2015/5/2 10:50,37.8469
2015/5/2 10:51,40.7173
2015/5/2 10:52,37.681
2015/5/2 10:53,39.6023
2015/5/2 10:54,37.6719
2015/5/2 10:55,37.3213
2015/5/2 10:56,33.1799
2015/5/2 10:57,31.8964
2015/5/2 10:58,33.8107
2015/5/2 10:59,33.3403
2015/5/2 11:00,32.1711
2015/5/2 11:01,33.7125
2015/5/2 11:02,32.9864
2015/5/2 11:03,32.4511
2015/5/2 11:04,35.1176
2015/5/2 11:05,32.3506
2015/5/2 11:06,29.3312
2015/5/2 11:07,30.0274
2015/5/2 11:08,29.9322
2015/5/2 11:09,32.7238
2015/5/2 11:10,34.3542
2015/5/2 11:11,34.2805
2015/5/2 11:12,32.0551
2015/5/2 11:13,32.1929
2015/5/2 11:14,32.6986
2015/5/2 11:15,32.6827
2015/5/2 11:16,32.0079
2015/5/2 11:17,31.2424
2015/5/2 11:18,29.7181
2015/5/2 11:19,28.764
2015/5/2 11:20,28.5389
2015/5/2 11:21,28.8526
2015/5/2 11:22,27.8455
2015/5/2 11:23,27.2468
2015/5/2 11:24,26.7782
2015/5/2 11:25,27.0266
2015/5/2 11:26,29.214
2015/5/2 11:27,35.0291
2015/5/2 11:28,32.1309
2015/5/2 11:29,29.5799
2015/5/2 11:30,26.901
2015/5/2 11:31,31.8568
2015/5/2 11:32,29.0191
2015/5/2 11:33,30.5452
2015/5/2 11:34,30.6981
2015/5/2 11:35,27.139
2015/5/2 11:36,27.3263
2015/5/2 11:37,26.0516
2015/5/2 11:38,29.6016
2015/5/2 11:39,31.1421
2015/5/2 11:40,31.9861
2015/5/2 11:41,33.8622
2015/5/2 11:42,32.7558
2015/5/2 11:43,31.1154
2015/5/2 11:44,33.9757
2015/5/2 11:45,32.5852
2015/5/2 11:46,31.1569
2015/5/2 11:47,30.9256
2015/5/2 11:48,32.5339
2015/5/2 11:49,32.8334
2015/5/2 11:50,34.2357
2015/5/2 11:51,34.8031
2015/5/2 11:52,35.4558
2015/5/2 11:53,33.0196
2015/5/2 11:54,33.9273
2015/5/2 11:55,31.2078
2015/5/2 11:56,30.8159
2015/5/2 11:57,35.0757
2015/5/2 11:58,34.4552
2015/5/2 11:59,35.5937
2015/5/2 12:00,30.9563
2015/5/2 12:01,30.9563
2015/5/2 12:02,28.7861
2015/5/2 12:03,30.733
2015/5/2 12:04,31.7652
2015/5/2 12:05,32.8491
2015/5/2 12:06,32.3645
2015/5/2 12:07,32.8521
2015/5/2 12:08,29.4474
2015/5/2 12:09,29.2804
2015/5/2 12:10,31.3929
2015/5/2 12:11,31.601
2015/5/2 12:12,30.9093
2015/5/2 12:13,32.212
2015/5/2 12:14,30.6202
2015/5/2 12:15,31.617
2015/5/2 12:16,31.5213
2015/5/2 12:17,29.8695
2015/5/2 12:18,33.0287
2015/5/2 12:19,32.0679
2015/5/2 12:20,31.5699
2015/5/2 12:21,33.9774
2015/5/2 12:22,34.5551
2015/5/2 12:23,33.6987
2015/5/2 12:24,35.7469
2015/5/2 12:25,31.5715
2015/5/2 12:26,31.5499
2015/5/2 12:27,34.989
2015/5/2 12:28,35.072
2015/5/2 12:29,32.1215
2015/5/2 12:30,32.457
2015/5/2 12:31,32.6934
2015/5/2 12:32,31.6028
2015/5/2 12:33,30.9262
2015/5/2 12:34,32.0948
2015/5/2 12:35,30.2828
2015/5/2 12:36,31.7326
2015/5/2 12:37,31.0912
2015/5/2 12:38,29.9371
2015/5/2 12:39,30.0409
2015/5/2 12:40,29.3167
2015/5/2 12:41,29.2804
2015/5/2 12:42,30.9094
2015/5/2 12:43,31.444
2015/5/2 12:44,32.6241
2015/5/2 12:45,34.0476
2015/5/2 12:46,33.1046
2015/5/2 12:47,31.2369
2015/5/2 12:48,31.7644
2015/5/2 12:49,32.8532
2015/5/2 12:50,35.1322
2015/5/2 12:51,36.164
2015/5/2 12:52,34.4636
2015/5/2 12:53,34.9885
2015/5/2 12:54,34.9579
2015/5/2 12:55,34.8719
2015/5/2 12:56,33.1243
2015/5/2 12:57,34.8301
2015/5/2 12:58,36.4229
2015/5/2 12:59,34.6926
2015/5/2 13:00,33.2147
2015/5/2 13:01,33.6514
2015/5/2 13:02,32.2124
2015/5/2 13:03,31.482
2015/5/2 13:04,30.9222
2015/5/2 13:05,30.9222
2015/5/2 13:06,29.9898
2015/5/2 13:07,30.4262
2015/5/2 13:08,31.2004
2015/5/2 13:09,30.4601
2015/5/2 13:10,32.5891
2015/5/2 13:11,30.9448
2015/5/2 13:12,32.9005
2015/5/2 13:13,30.8433
2015/5/2 13:14,29.8239
2015/5/2 13:15,32.4954
2015/5/2 13:16,31.1191
2015/5/2 13:17,30.7696
2015/5/2 13:18,30.4509
2015/5/2 13:19,31.1561
2015/5/2 13:20,32.3544
2015/5/2 13:21,32.0538
2015/5/2 13:22,30.9152
2015/5/2 13:23,28.4235
2015/5/2 13:24,30.6724
2015/5/2 13:25,31.2044
2015/5/2 13:26,32.8682
2015/5/2 13:27,34.4596
2015/5/2 13:28,35.6317
2015/5/2 13:29,34.2924
2015/5/2 13:30,34.3515
2015/5/2 13:31,35.6497
2015/5/2 13:32,35.5966
2015/5/2 13:33,36.2833
2015/5/2 13:34,30.3401
2015/5/2 13:35,30.84
2015/5/2 13:36,31.4712
2015/5/2 13:37,33.5921
2015/5/2 13:38,32.7198
2015/5/2 13:39,33.8296
2015/5/2 13:40,33.2019
2015/5/2 13:41,37.6339
2015/5/2 13:42,37.6339
2015/5/2 13:43,32.7302
2015/5/2 13:44,33.6033
2015/5/2 13:45,30.1944
2015/5/2 13:46,31.9771
2015/5/2 13:47,31.8603
2015/5/2 13:48,32.0434
2015/5/2 13:49,33.4526
2015/5/2 13:50,35.5121
2015/5/2 13:51,36.5815
2015/5/2 13:52,37.5868
2015/5/2 13:53,37.6906
2015/5/2 13:54,36.3394
2015/5/2 13:55,40.4017
2015/5/2 13:56,43.0927
2015/5/2 13:57,42.967
2015/5/2 13:58,41.436
2015/5/2 13:59,42.3559
2015/5/2 14:00,41.4373
2015/5/2 14:01,43.0685
2015/5/2 14:02,43.9091
2015/5/2 14:03,42.6609
2015/5/2 14:04,43.1594
2015/5/2 14:05,43.6513
2015/5/2 14:06,47.117
2015/5/2 14:07,44.8282
2015/5/2 14:08,45.5045
2015/5/2 14:09,44.4191
2015/5/2 14:10,45.015
2015/5/2 14:11,45.2778
2015/5/2 14:12,44.716
2015/5/2 14:13,45.3674
2015/5/2 14:14,46.6411
2015/5/2 14:15,44.706
2015/5/2 14:16,45.3809
2015/5/2 14:17,44.7184
2015/5/2 14:18,44.7466
2015/5/2 14:19,45.0121
2015/5/2 14:20,44.2469
2015/5/2 14:21,43.7101
2015/5/2 14:22,44.8481
2015/5/2 14:23,42.5495
2015/5/2 14:24,45.4274
2015/5/2 14:25,44.563
2015/5/2 14:26,44.6752
2015/5/2 14:27,43.9593
2015/5/2 14:28,44.7154
2015/5/2 14:29,45.9035
2015/5/2 14:30,47.9953
2015/5/2 14:31,46.2461
2015/5/2 14:32,45.7167
2015/5/2 14:33,47.5996
2015/5/2 14:34,47.4874
2015/5/2 14:35,43.8306
2015/5/2 14:36,43.9498
2015/5/2 14:37,44.4784
2015/5/2 14:38,46.2641
2015/5/2 14:39,46.2185
2015/5/2 14:40,44.4481
2015/5/2 14:41,43.9515
2015/5/2 14:42,43.7885
2015/5/2 14:43,46.2801
2015/5/2 14:44,46.3773
2015/5/2 14:45,45.7802
2015/5/2 14:46,45.6573
2015/5/2 14:47,46.4851
2015/5/2 14:48,47.1935
2015/5/2 14:49,47.9359
2015/5/2 14:50,44.5409
2015/5/2 14:51,47.2756
2015/5/2 14:52,46.1616
2015/5/2 14:53,44.4642
2015/5/2 14:54,42.8064
2015/5/2 14:55,44.0705
2015/5/2 14:56,47.1814
2015/5/2 14:57,44.7189
2015/5/2 14:58,44.2206
2015/5/2 14:59,45.1288
2015/5/2 15:00,45.2361
2015/5/2 15:01,45.3007
2015/5/2 15:02,45.389
2015/5/2 15:03,45.0725
2015/5/2 15:04,43.4455
2015/5/2 15:05,43.0406
2015/5/2 15:06,42.9245
2015/5/2 15:07,45.8968
2015/5/2 15:08,46.2266
2015/5/2 15:09,45.1151
2015/5/2 15:10,43.4306
2015/5/2 15:11,42.2912
2015/5/2 15:12,43.719
2015/5/2 15:13,43.8232
2015/5/2 15:14,42.591
2015/5/2 15:15,45.0951
2015/5/2 15:16,43.7488
2015/5/2 15:17,43.0135
2015/5/2 15:18,43.8085
2015/5/2 15:19,44.2004
2015/5/2 15:20,44.9281
2015/5/2 15:21,44.8129
2015/5/2 15:22,47.0876
2015/5/2 15:23,46.6412
2015/5/2 15:24,46.0152
2015/5/2 15:25,46.4819
2015/5/2 15:26,47.8913
2015/5/2 15:27,45.0357
2015/5/2 15:28,43.2242
2015/5/2 15:29,42.731
2015/5/2 15:30,48.2211
2015/5/2 15:31,43.5771
2015/5/2 15:32,43.792
2015/5/2 15:33,45.3703
2015/5/2 15:34,45.5827
2015/5/2 15:35,45.2635
2015/5/2 15:36,45.773
2015/5/2 15:37,45.3482
2015/5/2 15:38,45.0279
2015/5/2 15:39,45.8663
2015/5/2 15:40,46.515
2015/5/2 15:41,47.1018
2015/5/2 15:42,45.1242
2015/5/2 15:43,42.6865
2015/5/2 15:44,42.5828
2015/5/2 15:45,43.6566
2015/5/2 15:46,43.7023
2015/5/2 15:47,43.7023
2015/5/2 15:48,46.0643
2015/5/2 15:49,47.6657
2015/5/2 15:50,48.3908
2015/5/2 15:51,48.3283
2015/5/2 15:52,44.7613
2015/5/2 15:53,45.8208
2015/5/2 15:54,43.9702
2015/5/2 15:55,41.8656
2015/5/2 15:56,40.6112
2015/5/2 15:57,42.0246
2015/5/2 15:58,44.699
2015/5/2 15:59,44.9335
2015/5/2 16:00,43.2009
2015/5/2 16:01,44.6467
2015/5/2 16:02,43.8712
2015/5/2 16:03,47.3317
2015/5/2 16:04,45.4554
2015/5/2 16:05,44.1975
2015/5/2 16:06,44.1907
2015/5/2 16:07,46.9932
2015/5/2 16:08,46.9324
2015/5/2 16:09,44.6308
2015/5/2 16:10,44.2308
2015/5/2 16:11,45.9387
2015/5/2 16:12,46.242
2015/5/2 16:13,44.7319
2015/5/2 16:14,45.6011
2015/5/2 16:15,45.6303
2015/5/2 16:16,45.8005
2015/5/2 16:17,45.4334
2015/5/2 16:18,47.2538
2015/5/2 16:19,49.0106
2015/5/2 16:20,48.0631
2015/5/2 16:21,48.332
2015/5/2 16:22,46.4865
2015/5/2 16:23,43.2433
2015/5/2 16:24,43.3639
2015/5/2 16:25,45.3688
2015/5/2 16:26,44.2807
2015/5/2 16:27,45.7195
2015/5/2 16:28,45.3034
2015/5/2 16:29,45.538
2015/5/2 16:30,45.5989
2015/5/2 16:31,45.3534
2015/5/2 16:32,43.1987
2015/5/2 16:33,43.8006
2015/5/2 16:34,44.0837
2015/5/2 16:35,42.6278
2015/5/2 16:36,41.9151
2015/5/2 16:37,44.0386
2015/5/2 16:38,44.9424
2015/5/2 16:39,41.0937
2015/5/2 16:40,45.7
2015/5/2 16:41,44.9793
2015/5/2 16:42,42.6636
2015/5/2 16:43,41.3877
2015/5/2 16:44,42.0178
2015/5/2 16:45,43.4822
2015/5/2 16:46,44.5998
2015/5/2 16:47,42.2077
2015/5/2 16:48,43.5615
2015/5/2 16:49,45.0753
2015/5/2 16:50,45.0068
2015/5/2 16:51,44.8871
2015/5/2 16:52,44.8931
2015/5/2 16:53,41.9348
2015/5/2 16:54,41.9348
2015/5/2 16:55,45.2794
2015/5/2 16:56,45.0513
2015/5/2 16:57,45.0426
2015/5/2 16:58,45.2462
2015/5/2 16:59,43.8714
2015/5/2 17:00,42.3726
2015/5/2 17:01,42.7673
2015/5/2 17:02,44.1076
2015/5/2 17:03,43.4694
2015/5/2 17:04,43.4694
2015/5/2 17:05,40.7399
2015/5/2 17:06,42.0968
2015/5/2 17:07,45.3096
2015/5/2 17:08,44.8239
2015/5/2 17:09,43.5356
2015/5/2 17:10,42.6902
2015/5/2 17:11,42.6979
2015/5/2 17:12,43.3628
2015/5/2 17:13,43.4695
2015/5/2 17:14,46.693
2015/5/2 17:15,45.5733
2015/5/2 17:16,44.1774
2015/5/2 17:17,41.5182
2015/5/2 17:18,43.546
2015/5/2 17:19,45.5866
2015/5/2 17:20,43.9408
2015/5/2 17:21,41.0516
2015/5/2 17:22,39.8856
2015/5/2 17:23,38.349
2015/5/2 17:24,42.3119
2015/5/2 17:25,44.2166
2015/5/2 17:26,46.5334
2015/5/2 17:27,44.8336
2015/5/2 17:28,41.2809
2015/5/2 17:29,43.3318
2015/5/2 17:30,46.7615
2015/5/2 17:31,42.6155
2015/5/2 17:32,43.9983
2015/5/2 17:33,57.7974
2015/5/2 17:34,84.3169
2015/5/2 17:35,98.4727
2015/5/2 17:36,98.5371
2015/5/2 17:37,108.4276
2015/5/2 17:38,103.9652
2015/5/2 17:39,104.3099
2015/5/2 17:40,100.2231
2015/5/2 17:41,100.0193
2015/5/2 17:42,45.3006
2015/5/2 17:43,41.8254
2015/5/2 17:44,38.2462
2015/5/2 17:45,34.7689
2015/5/2 17:46,36.9633
2015/5/2 17:47,37.5213
2015/5/2 17:48,39.457
2015/5/2 17:49,41.5301
2015/5/2 17:50,38.1198
2015/5/2 17:51,40.3915
2015/5/2 17:52,42.5592
2015/5/2 17:53,41.5991
2015/5/2 17:54,36.5791
2015/5/2 17:55,36.8485
2015/5/2 17:56,37.7135
2015/5/2 17:57,36.3095
2015/5/2 17:58,36.6317
2015/5/2 17:59,39.6364
2015/5/2 18:00,38.0582
2015/5/2 18:01,38.3
2015/5/2 18:02,42.3554
2015/5/2 18:03,41.9356
2015/5/2 18:04,38.9739
2015/5/2 18:05,37.3398
2015/5/2 18:06,41.45
2015/5/2 18:07,37.6331
2015/5/2 18:08,40.4111
2015/5/2 18:09,37.1955
2015/5/2 18:10,41.1075
2015/5/2 18:11,38.489
2015/5/2 18:12,39.3788
2015/5/2 18:13,42.19
2015/5/2 18:14,38.5903
2015/5/2 18:15,40.0444
2015/5/2 18:16,39.8632
2015/5/2 18:17,42.1332
2015/5/2 18:18,42.2538
2015/5/2 18:19,42.6992
2015/5/2 18:20,38.3362
2015/5/2 18:21,38.6229
2015/5/2 18:22,39.1759
2015/5/2 18:23,39.9636
2015/5/2 18:24,37.8133
2015/5/2 18:25,34.9686
2015/5/2 18:26,33.8023
2015/5/2 18:27,36.1623
2015/5/2 18:28,36.4123
2015/5/2 18:29,36.4878
2015/5/2 18:30,37.281
2015/5/2 18:31,34.963
2015/5/2 18:32,37.079
2015/5/2 18:33,37.079
2015/5/2 18:34,34.6859
2015/5/2 18:35,35.4517
2015/5/2 18:36,35.4517
2015/5/2 18:37,35.5544
2015/5/2 18:38,33.2362
2015/5/2 18:39,34.197
2015/5/2 18:40,33.4868
2015/5/2 18:41,34.184
2015/5/2 18:42,31.6092
2015/5/2 18:43,34.6763
2015/5/2 18:44,33.7104
2015/5/2 18:45,34.1141
2015/5/2 18:46,35.0848
2015/5/2 18:47,32.9481
2015/5/2 18:48,35.0378
2015/5/2 18:49,34.8459
2015/5/2 18:50,33.6502
2015/5/2 18:51,35.5752
2015/5/2 18:52,31.3853
2015/5/2 18:53,37.5828
2015/5/2 18:54,34.1959
2015/5/2 18:55,32.3183
2015/5/2 18:56,33.8199
2015/5/2 18:57,34.1906
2015/5/2 18:58,34.8833
2015/5/2 18:59,30.9767
2015/5/2 19:00,29.6453
2015/5/2 19:01,32.8477
2015/5/2 19:02,33.9246
2015/5/2 19:03,33.2591
2015/5/2 19:04,36.115
2015/5/2 19:05,36.0708
2015/5/2 19:06,29.9904
2015/5/2 19:07,30.3004
2015/5/2 19:08,29.8205
2015/5/2 19:09,28.9001
2015/5/2 19:10,33.8374
2015/5/2 19:11,32.2018
2015/5/2 19:12,33.742
2015/5/2 19:13,34.1742
2015/5/2 19:14,33.1285
2015/5/2 19:15,32.6855
2015/5/2 19:16,31.6524
2015/5/2 19:17,34.0381
2015/5/2 19:18,32.0584
2015/5/2 19:19,34.8353
2015/5/2 19:20,37.5641
2015/5/2 19:21,36.2835
2015/5/2 19:22,34.1437
2015/5/2 19:23,32.919
2015/5/2 19:24,32.781
2015/5/2 19:25,34.3618
2015/5/2 19:26,32.2728
2015/5/2 19:27,34.9323
2015/5/2 19:28,37.2704
2015/5/2 19:29,33.3061
2015/5/2 19:30,32.1288
2015/5/2 19:31,30.8555
2015/5/2 19:32,32.1844
2015/5/2 19:33,34.9652
2015/5/2 19:34,31.6543
2015/5/2 19:35,32.2656
2015/5/2 19:36,32.0647
2015/5/2 19:37,32.9599
2015/5/2 19:38,31.4896
2015/5/2 19:39,31.4633
2015/5/2 19:40,31.4006
2015/5/2 19:41,32.7931
2015/5/2 19:42,32.719
2015/5/2 19:43,32.2504
2015/5/2 19:44,33.2834
2015/5/2 19:45,32.019
2015/5/2 19:46,28.3945
2015/5/2 19:47,30.1737
2015/5/2 19:48,29.6837
2015/5/2 19:49,30.2575
2015/5/2 19:50,34.4758
2015/5/2 19:51,35.4266
2015/5/2 19:52,33.7188
2015/5/2 19:53,35.0918
2015/5/2 19:54,33.41
2015/5/2 19:55,37.1304
2015/5/2 19:56,34.8244
2015/5/2 19:57,31.8126
2015/5/2 19:58,31.1595
2015/5/2 19:59,33.1169
2015/5/2 20:00,36.0758
2015/5/2 20:01,35.1705
2015/5/2 20:02,32.099
2015/5/2 20:03,31.046
2015/5/2 20:04,31.046
2015/5/2 20:05,32.4798
2015/5/2 20:06,31.0212
2015/5/2 20:07,30.9491
2015/5/2 20:08,34.7583
2015/5/2 20:09,33.9569
2015/5/2 20:10,32.4037
2015/5/2 20:11,31.5938
2015/5/2 20:12,30.6895
2015/5/2 20:13,26.7044
2015/5/2 20:14,25.8174
2015/5/2 20:15,29.0929
2015/5/2 20:16,30.699
2015/5/2 20:17,30.3351
2015/5/2 20:18,30.6319
2015/5/2 20:19,31.8196
2015/5/2 20:20,32.09
2015/5/2 20:21,29.3869
2015/5/2 20:22,30.5407
2015/5/2 20:23,32.2054
2015/5/2 20:24,31.502
2015/5/2 20:25,35.549
2015/5/2 20:26,32.3529
2015/5/2 20:27,32.1641
2015/5/2 20:28,32.738
2015/5/2 20:29,32.7976
2015/5/2 20:30,34.5711
2015/5/2 20:31,31.7639
2015/5/2 20:32,31.3151
2015/5/2 20:33,30.4577
2015/5/2 20:34,33.5859
2015/5/2 20:35,33.5859
2015/5/2 20:36,34.3333
2015/5/2 20:37,33.9243
2015/5/2 20:38,33.2991
2015/5/2 20:39,33.402
2015/5/2 20:40,35.5696
2015/5/2 20:41,33.7634
2015/5/2 20:42,33.8653
2015/5/2 20:43,35.2563
2015/5/2 20:44,35.4922
2015/5/2 20:45,36.4543
2015/5/2 20:46,38.2055
2015/5/2 20:47,33.8303
2015/5/2 20:48,33.4858
2015/5/2 20:49,36.6511
2015/5/2 20:50,34.3717
2015/5/2 20:51,30.4993
2015/5/2 20:52,33.843
2015/5/2 20:53,33.9211
2015/5/2 20:54,35.3466
2015/5/2 20:55,37.4455
2015/5/2 20:56,35.3616
2015/5/2 20:57,35.3957
2015/5/2 20:58,34.7618
2015/5/2 20:59,33.4847
2015/5/2 21:00,33.9675
2015/5/2 21:01,33.2494
2015/5/2 21:02,32.2961
2015/5/2 21:03,31.017
2015/5/2 21:04,30.5196
2015/5/2 21:05,31.8169
2015/5/2 21:06,33.4691
2015/5/2 21:07,32.4612
2015/5/2 21:08,31.5982
2015/5/2 21:09,32.6289
2015/5/2 21:10,31.7126
2015/5/2 21:11,29.7127
2015/5/2 21:12,35.025
2015/5/2 21:13,30.5359
2015/5/2 21:14,30.8561
2015/5/2 21:15,30.9265
2015/5/2 21:16,30.6749
2015/5/2 21:17,32.0018
2015/5/2 21:18,35.3483
2015/5/2 21:19,34.3182
2015/5/2 21:20,34.85
2015/5/2 21:21,36.2357
2015/5/2 21:22,37.1671
2015/5/2 21:23,36.5557
2015/5/2 21:24,35.2772
2015/5/2 21:25,36.3623
2015/5/2 21:26,35.0031
2015/5/2 21:27,36.1555
2015/5/2 21:28,35.4817
2015/5/2 21:29,34.6823
2015/5/2 21:30,36.0924
2015/5/2 21:31,35.9464
2015/5/2 21:32,33.5604
2015/5/2 21:33,37.4226
2015/5/2 21:34,35.6317
2015/5/2 21:35,34.9065
2015/5/2 21:36,34.8186
2015/5/2 21:37,38.3656
2015/5/2 21:38,35.0582
2015/5/2 21:39,36.4828
2015/5/2 21:40,37.2981
2015/5/2 21:41,37.2956
2015/5/2 21:42,37.8526
2015/5/2 21:43,38.2705
2015/5/2 21:44,37.3687
2015/5/2 21:45,40.3638
2015/5/2 21:46,37.6735
2015/5/2 21:47,38.7018
2015/5/2 21:48,33.496
2015/5/2 21:49,34.1816
2015/5/2 21:50,37.1511
2015/5/2 21:51,35.3641
2015/5/2 21:52,35.3884
2015/5/2 21:53,34.4793
2015/5/2 21:54,36.5624
2015/5/2 21:55,34.0029
2015/5/2 21:56,38.8498
2015/5/2 21:57,39.318
2015/5/2 21:58,39.3942
2015/5/2 21:59,39.4788
2015/5/2 22:00,40.277
2015/5/2 22:01,37.6504
2015/5/2 22:02,40.4987
2015/5/2 22:03,34.4359
2015/5/2 22:04,33.8021
2015/5/2 22:05,35.3463
2015/5/2 22:06,33.5746
2015/5/2 22:07,32.2741
2015/5/2 22:08,34.7492
2015/5/2 22:09,34.3109
2015/5/2 22:10,38.4094
2015/5/2 22:11,37.0696
2015/5/2 22:12,36.351
2015/5/2 22:13,35.3705
2015/5/2 22:14,37.2935
2015/5/2 22:15,40.9354
2015/5/2 22:16,44.1433
2015/5/2 22:17,44.3956
2015/5/2 22:18,43.6025
2015/5/2 22:19,42.3779
2015/5/2 22:20,41.083
2015/5/2 22:21,39.5657
2015/5/2 22:22,41.8487
2015/5/2 22:23,40.098
2015/5/2 22:24,41.6904
2015/5/2 22:25,41.4771
2015/5/2 22:26,38.2657
2015/5/2 22:27,39.8192
2015/5/2 22:28,36.5451
2015/5/2 22:29,39.5917
2015/5/2 22:30,38.0738
2015/5/2 22:31,37.0525
2015/5/2 22:32,37.3129
2015/5/2 22:33,35.5826
2015/5/2 22:34,38.6482
2015/5/2 22:35,36.6647
2015/5/2 22:36,34.2545
2015/5/2 22:37,35.3843
2015/5/2 22:38,39.1995
2015/5/2 22:39,41.16
2015/5/2 22:40,41.1547
2015/5/2 22:41,36.5272
2015/5/2 22:42,33.8765
2015/5/2 22:43,32.4693
2015/5/2 22:44,31.6784
2015/5/2 22:45,32.7902
2015/5/2 22:46,30.6569
2015/5/2 22:47,31.6061
2015/5/2 22:48,31.5177
2015/5/2 22:49,30.7083
2015/5/2 22:50,28.718
2015/5/2 22:51,27.3365
2015/5/2 22:52,28.5714
2015/5/2 22:53,30.398
2015/5/2 22:54,31.8097
2015/5/2 22:55,33.1739
2015/5/2 22:56,32.5099
2015/5/2 22:57,31.4958
2015/5/2 22:58,33.9421
2015/5/2 22:59,33.2294
2015/5/2 23:00,32.033
2015/5/2 23:01,34.6049
2015/5/2 23:02,33.0007
2015/5/2 23:03,32.2988
2015/5/2 23:04,31.8838
2015/5/2 23:05,32.5221
2015/5/2 23:06,33.6942
2015/5/2 23:07,32.1849
2015/5/2 23:08,35.0291
2015/5/2 23:09,33.708
2015/5/2 23:10,34.2931
2015/5/2 23:11,36.7339
2015/5/2 23:12,35.5296
2015/5/2 23:13,35.5296
2015/5/2 23:14,35.5045
2015/5/2 23:15,36.6003
2015/5/2 23:16,32.8023
2015/5/2 23:17,34.6976
2015/5/2 23:18,33.8055
2015/5/2 23:19,32.2195
2015/5/2 23:20,32.3357
2015/5/2 23:21,29.6622
2015/5/2 23:22,30.3671
2015/5/2 23:23,31.2655
2015/5/2 23:24,32.0394
2015/5/2 23:25,30.1289
2015/5/2 23:26,28.2645
2015/5/2 23:27,27.9729
2015/5/2 23:28,30.9902
2015/5/2 23:29,29.4589
2015/5/2 23:30,27.6537
2015/5/2 23:31,28.237
2015/5/2 23:32,26.4559
2015/5/2 23:33,28.4278
2015/5/2 23:34,28.5627
2015/5/2 23:35,28.0479
2015/5/2 23:36,29.0158
2015/5/2 23:37,28.5166
2015/5/2 23:38,30.5885
2015/5/2 23:39,30.1291
2015/5/2 23:40,28.452
2015/5/2 23:41,29.308
2015/5/2 23:42,28.8694
2015/5/2 23:43,28.0187
2015/5/2 23:44,27.0524
2015/5/2 23:45,27.6549
2015/5/2 23:46,27.4869
2015/5/2 23:47,27.4557
2015/5/2 23:48,28.6626
2015/5/2 23:49,28.6103
2015/5/2 23:50,28.0569
2015/5/2 23:51,28.5374
2015/5/2 23:52,29.6398
2015/5/2 23:53,29.6398
2015/5/2 23:54,29.8946
2015/5/2 23:55,30.2358
2015/5/2 23:56,32.3681
2015/5/2 23:57,32.0455
2015/5/2 23:58,31.0862
2015/5/2 23:59,30.7223
